"y","X1","X2","X3","X4","X5","X6","X7","X8","X9","X10","X11","X12","X13","X14","X15","X16","X17","X18","X19","X20","X21","X22","X23","X24","X25","X26","X27","X28","X29","X30","X31","X32","X33","X34","X35","X36","X37","X38","X39","X40","X41","X42","X43","X44","X45","X46","X47","X48","X49","X50","X51","X52","X53","X54","X55","X56","X57","X58","X59","X60","X61","X62","X63","X64","X65","X66","X67","X68","X69","X70","X71","X72","X73","X74","X75","X76","X77","X78","X79","X80","X81","X82","X83","X84","X85","X86","X87","X88","X89","X90","X91","X92","X93","X94","X95","X96","X97","X98","X99","X100"
2.84708194419271,1.19939670208328,-2.06907831640788,-0.781006585591787,0.0921259082689083,-0.447588483431045,2.04762427425983,-0.970270861944037,0.592194734532929,1.57618577053032,-0.0775923120106073,0.28672855522168,0.0719499373089588,0.0701119101371424,-1.11543472333482,-0.229054495765471,0.614799762959332,0.706468892495927,0.28340773627303,0.698384207494546,0.307678279002406,-0.872255761857209,1.59146669770969,0.936234674355445,0.670786026407578,0.537954456250101,0.0341788317569196,-0.417222727013073,0.626426434756525,0.0557443463643024,0.862889014463267,-1.50955284479463,0.71524922486001,-0.510411717795805,1.59364011292004,0.450984550355756,-1.39316437723713,-0.516377308673738,-0.240020423297206,0.534700040267308,-0.300465047505947,-0.225727169063127,0.199046436222001,-1.02545993190621,0.151805317371601,0.182484728124491,0.388873100877241,0.0434680805597994,1.84600116449981,-0.595758434456175,0.999604177206016,-0.342854573246228,0.403944615455064,-0.547343342060098,0.165641251821785,-0.684581153748409,-0.0791727814160104,-0.144179298997741,0.0621050087481278,1.50972998742626,-0.232476556178131,-0.0495632718098142,0.655290700838784,0.491623323122313,-0.97549354695829,0.952814553069601,-1.04808400903819,-1.28617790276926,0.576414400034408,-0.273612999936795,0.984936876781002,-0.123360596303967,-0.490489658071506,0.880428805380568,-1.42750093612053,-0.825146333560436,0.148586798995279,-0.381908674682175,-0.429647770696371,0.442720226586928,0.419639434178321,-0.539426987374157,-0.893258792422228,-1.08549919153171,0.328126818849946,2.00712495135058,-1.67390747070849,0.557266820925477,1.88917605547701,0.244460849793842,-2.81317856881385,0.987017039027602,-0.343044296420949,0.0374099845901135,-1.84906098328454,-1.10781235491568,-0.299401098703973,2.58463736071347,3.08518664649656,0.0573091562316346,-0.0296691990319827
2.12457521073153,0.405140276725821,-1.62561686583556,0.617613103757451,1.63323198731311,-1.11949868742373,-0.365753424732226,1.58521312664253,-0.61613009888595,2.45026065220774,-0.253999952588444,-0.511589565661494,-0.0337333504800997,-1.0142402641282,0.0592422009588958,0.2629611172775,0.565588019844474,-0.515976830333869,0.292894103166468,-1.13508143855904,-0.36392311563238,-2.16088152060805,0.558798265367016,-0.960845975200306,0.832217034714962,-0.187439447478743,-1.12944257544828,0.916358764148394,-0.74068464346713,1.38715355173016,-0.659482341079923,1.12399451814536,0.87930405035842,0.431398748361258,-0.457903177863853,0.0607309597648136,0.189423145136305,-0.352647523339312,-1.01678889650897,1.22889835543776,-0.728846869208491,-0.291961309659733,1.00779060174364,-0.268806142923227,1.06819909977809,1.91250921927421,0.746046045336435,-0.558000051478188,-0.00149967090611994,1.20015374781132,0.469965660384021,0.0785731818468816,-0.530683314050459,-0.175477429441046,-1.18246507920987,-0.68661883298754,0.820416430169371,-0.372111515201938,1.75496286178583,0.88602137941963,-0.729565968469561,0.491666804545041,0.978731723006749,0.0723360513630783,-0.485645140833097,-0.870690568053505,-0.181064828639329,0.101839454780296,-1.93779973416406,-0.702507246061012,-1.41597328711346,-0.340350527528352,-0.370007713089942,-0.652449726613196,0.81823691741016,1.39330399334482,0.883075477167169,-1.93235069150936,0.513289579997873,-1.09534514962923,-0.184776276558591,0.480684841710085,0.634786005535718,-0.360171523937596,0.414092927442735,1.16078024378119,-0.114232698458859,-2.25860372681802,-0.862641095844843,-0.44256676858328,1.09300384647415,-0.579050910194226,-0.750217351462624,0.153563145632851,-0.707978146118467,-0.395896215157337,1.14887397551746,0.551856591994512,1.76120259740169,0.07431387610604,-1.07187787330793
0.706400835213486,1.70942991698778,-1.19431807594517,0.617516627216355,0.293680212338206,0.0359670737731554,1.04304417744705,-0.792098881809811,-0.605089639169499,0.874414482068673,-0.313258065184682,2.06722219307668,-1.50862866043741,-0.110106150432845,-0.865037122558827,0.874095487864057,-0.610406588010797,0.134951750408623,-1.17002075235142,0.770655996976422,0.104706694611065,-0.288353482104726,-1.28624743453755,-0.601189888277084,-0.153006754372312,-0.147985569611529,-1.30354672837531,-0.160342071043398,-0.124005313733626,-0.430858845261292,0.735211262311596,1.13290185572715,1.31739317767898,0.595761937391596,-0.997114741500305,-0.276552972889015,-0.123926127335311,-0.937174534467455,-0.653024369197918,0.853502136854136,-0.214407265676304,0.393457376272404,-0.264621415174966,-0.669998437465206,0.0716438475605372,0.075579340323924,0.355576839607022,0.841846082693765,0.585577089378742,-0.563149313301342,-0.760013390263925,-0.076768752926521,-1.30414794682937,0.940101750150801,1.00678496388528,0.811147859516001,1.70428042177877,-0.6913622393331,0.544729337116454,-0.458671293343492,-0.791155580967609,0.373319514896309,-1.24709743288231,-0.513398679460819,-1.16095979673885,-0.320626889553225,-0.674335030678521,0.113971277891476,0.0282125083511045,-0.600637106763647,0.190401504738588,-0.273205148780382,-0.294534544401582,-0.20430088766612,-0.0576892143665004,0.0541680128336369,-0.556585303263344,-1.18560598189811,0.29093450588232,0.599696959623081,0.415540097974963,1.95398177623582,0.246367759108063,-1.56058097784052,-1.10117887788362,0.676324461810848,-1.86151817740713,0.220025405473292,-1.39579716643031,0.287953418579685,1.03696178979676,-0.0436378851401707,-0.714058588548555,-0.941317650489439,1.04874426790212,-2.89342835711976,-0.830741865591139,0.890781445875589,0.176845346307268,-1.98826617850105,-0.385524393443149
-2.50146060513037,0.809772709021362,0.240098150650652,-0.837177944446005,-0.322573507729317,-0.867473848216662,0.0800879245850215,-1.42357701793206,0.713226022252899,-0.677962621919967,-0.674205953638426,0.0195518491030158,1.70190414039964,0.580165245123182,-1.70109523527368,-0.0254370189874651,0.637636460149331,1.06703141393543,-0.115720556274805,-0.109527713638557,0.746020485863944,-1.44736550629106,0.614028680161046,0.469531946845722,1.25899564061635,-1.37536432569737,0.445831389964436,-0.116289587001856,1.12958784226478,1.13326395186402,0.186123709261821,-0.228596231028539,-1.63340155265765,0.39901600822389,-0.209754337490046,0.0390805134385207,1.29486369385298,0.414682639396724,-0.882490916097046,0.242016656341477,-0.402196590453236,0.814391991212292,-0.578202735261702,0.238276466624049,-0.0501275374563993,0.62428503077411,0.0136722990751366,0.200640203997923,0.520757123340128,0.0208926575375816,-1.09369621169792,0.587977236106376,-0.808017365780025,-0.97137648325836,-1.12806700843192,-1.15845163712995,-0.843065577267751,0.0608610616386641,0.682526853582104,-1.84599119376238,-0.573083514427838,-0.0706272117221145,-1.10939363720933,-0.461533740652876,1.442727997228,-0.544197653613503,-1.00896983480837,0.46343947104412,1.63105481992129,-0.844067572121211,-1.34517438368753,-0.616408796440678,1.29841463013252,-0.14068128230108,0.712499031009532,0.161607496656664,-0.301265216764297,-1.52767292794063,-0.505900377673711,-0.142065296570342,0.836235927819136,-0.808132909472236,-0.0551954536259131,0.337034757743317,-0.161571456095326,0.517803922181751,1.19633386628927,-0.126556133449982,0.322284371659369,-0.0427221654065234,-0.769438414130049,-1.67962382428826,0.0135881916944901,-0.190382659520777,0.127346012139954,-0.969425432920133,-1.49830868507427,0.428222838002736,-1.42076240318241,0.185890102668018,-1.03949635212931
5.07167448557641,-1.31131152589978,1.6866183201157,-0.255340885530799,-1.13490868894149,-0.417826001715329,0.818374925991466,-0.137265167786287,0.0847171344206473,0.217099245305303,-0.366007001937174,1.4868851937266,0.693810936015123,1.87077699127784,-1.18243002193866,-0.873410400901143,-1.93980015923462,-1.13798376871559,-1.15951944592736,-1.24602864735578,1.23419241328485,0.433826411414609,-0.798551681061786,1.28298015305106,-0.904464028431874,2.08563904611571,0.25797712084859,1.42263545610376,0.517981313750195,-0.13183952867833,2.19659032838979,-0.18378814687681,-1.04325203805673,-0.233503754333295,0.673767098811579,-1.00524311236933,1.02714717087016,-0.672444694288186,-1.49601663342644,-1.01917090578508,1.00104651588579,-0.650858966045092,0.0049945478513013,-0.0695563420817059,0.520152954897842,-0.209115595430598,-0.429662146658781,0.680120070856717,0.612765671806562,-0.309428603246688,1.04674455476921,0.789791717948972,-0.533594009874277,-0.770840262209307,0.557192426731064,-0.450322559586462,1.09734056580098,0.730169579836289,-0.956886534578508,-0.0668714136636351,-2.73198596596984,0.195176068928884,0.769106321887684,1.30207453165403,0.953266319630739,0.452151102342954,-2.1911610513086,-0.731419875033758,-0.902910666502387,-0.403804795647359,-0.609012283921623,1.06522805121265,-0.549572593435642,-0.0299676532179542,0.816621499684145,1.08839748378795,1.00346392423955,-0.128688940073752,-0.27344513691881,0.361216015835337,0.47548496801942,1.8278391729658,-0.92297152124631,-0.485147028898787,-0.155021398078214,0.754952403204846,-2.04724483158484,0.509875147920054,-0.422713705025087,1.44694910824085,0.280760520445668,1.07707541348889,0.615015006611653,-0.379607718306536,0.102235051364462,-1.48159844098592,0.0473183826326246,0.655964939885638,-0.403226146527998,0.453902941962585,0.587108907641243
-3.86229506975434,-0.618786623933825,0.36119524338936,-0.211480344074098,-1.35669508632443,-1.10852221933271,0.85466935912165,-0.202057918060856,-0.277443516178425,0.792997738453273,-0.795831230694241,-2.05690711600834,-1.77917531547173,1.04493034888988,-1.4373912777919,0.60416701026362,-0.466509920202579,-0.764253567394018,-0.286738290250297,1.2198771747708,-0.450634848754542,-0.498500972992066,-0.823317951535063,-0.548216549128404,0.40576164386681,0.821021807858648,1.04905618120544,-1.41759869114771,1.81600860071908,0.390419302515507,-0.0563039016550916,0.638540156693997,-1.59365045851107,0.997973723322129,0.161965514777485,-1.10547497950003,-0.0309195845843363,0.0577326716102751,0.631929474085203,-0.248031153768705,0.925721088180788,0.706125114366733,0.230126747618924,0.335993536229153,2.64101969508758,-0.663709690308264,0.200156154970137,-0.770917627266955,-1.23475778969978,0.332740067536553,0.0940910727465177,0.301907665576738,-2.1691639125923,0.838030738221387,0.655150721156095,0.00264714503508868,-0.300466525172216,-0.759856298883899,0.264350484857367,0.697287176719045,0.271031572519564,-0.360006101739061,3.01680857303934,0.519871194562723,0.179172284169691,-0.645674590820647,-1.65309250351052,-0.400315823276628,1.88344408229413,0.734317789386772,0.371275241641736,1.21680565535292,0.492608481373159,-0.453408873277134,0.858611154865218,0.399611627855543,0.657507070957075,0.920522565338737,0.081135071031755,-1.15495421105222,-0.377240652528855,-0.742413708777643,0.180128351836203,0.21485887717884,0.179502099392834,-0.477293314160569,-1.45804799653171,-1.31601371765187,-0.505713090294117,1.59189279875113,-0.123915024072948,0.294756630226598,1.46539304445207,1.36299202478718,0.231999315650903,-1.33846469872489,-0.5047971026248,0.285186127038631,-1.53117045476459,0.0424470071877865,-0.0372560113598712
9.60426809601837,0.604799456062912,-0.146261240824021,-1.30695500648938,0.161651151171288,-0.135565508778339,-0.0876450723214416,1.3767700571522,-1.22605597090094,0.0484114005211127,0.412801688401548,2.09602113940047,0.918628011433041,1.60018776323313,0.205017027406205,0.965412523266733,0.279354821499956,-0.81486381071193,-0.0992253745956646,1.04940703398923,-0.983165654063328,-0.377364169675019,-0.253213212948416,0.376918736770607,-0.227766685771673,-0.780487034026645,-0.989439443624387,-0.168177393551826,1.15044438400543,-0.644776735548742,-0.434792144859675,1.04023401005845,0.983750561316754,-1.14116235123959,0.626310909079192,1.2270254108076,-0.080235447615511,1.30330233467843,0.250835724921252,-0.349042917442125,1.14646255653935,0.613669883174037,1.81557737700458,-1.58374882548411,0.603166980020995,0.343180242826403,0.0692787759860353,0.0564232122400082,-1.91873242964242,1.0354149931891,1.5807230222657,0.28840819822791,-1.66865060872783,0.594330258317673,1.25683581806736,-0.492266896248585,0.0859070953942276,-1.01415305290986,-1.09379716734876,-0.375958742364834,0.0902485850736088,-1.32891509581607,0.810558403497448,-1.24888776030448,-0.0824211626580553,-1.18905154726844,1.05460715028916,-1.21389553191726,-1.31098495842929,-0.208239238694054,-0.617497247127786,-0.563248014313261,0.00976677755284389,0.913301245941849,0.157485956655686,0.842416995647445,0.590939422484883,-0.352852196624674,-0.567896104882994,-0.216865877435016,0.166380904254148,-1.55163476031315,-1.0852881864916,1.84566727865021,0.417367863388876,-1.01705106769823,-0.748456040389542,1.04710644242975,1.30560859586456,-1.08166933229364,1.33156638173718,0.92369282593263,1.70240412637832,0.786026945180221,-1.24699854015336,0.70801908269289,0.445326202911702,-0.0595582765819059,0.0829935585195647,0.788805221824827,0.883998518848111
-2.63341519716182,-0.428971573228779,-0.826122129739415,-0.445236373993823,-1.21466660755939,0.171458658215174,-0.0182646260276224,0.690690509317435,-0.138536915915435,-0.441870931478639,0.72277740550172,-0.137083176731823,0.191426712929504,-0.815994106057028,-1.94818254879875,-0.09186450852641,0.482854655910327,-1.27836723823762,0.877326983103244,0.266232709347987,0.132540942423546,1.51805481876949,0.617545661191916,1.8187523793443,0.476723829340472,0.644883379755266,1.10437744936908,0.930218350098645,-0.64415530024207,0.602697049221621,-1.28423376336442,2.11885984623605,-0.383264932811004,0.114311432028421,-0.0303212899371148,-0.482265113570939,0.00420349451683639,-0.2154108544107,0.292820455278469,1.59463809181742,0.156117352390993,0.860698609595304,-0.216207990950582,0.388849740931802,-0.49101593761495,1.32637346171698,0.894096585930597,0.734250964941834,-1.04304013426745,0.61378837076683,0.47411107029145,-1.22739716892506,-0.918333339416311,0.298545884318025,1.7229234449275,-0.0542737651964321,-0.0936704787473635,-1.37318222479203,-0.0452233342830969,-0.846047226833638,0.151448659039777,0.938598984316267,0.727718140757539,-1.49167386903964,-0.277156379351388,-0.944312619729631,0.215176837272038,0.364688471655461,-1.68076499193646,0.65705399648641,-0.168873817245929,-1.37561183442023,0.117212398357769,0.0214537992112897,0.66274097594581,-1.03442539310026,1.10780274520295,-0.155969239730097,0.613145920574895,-1.62766717271658,-1.60923166540458,-0.671763055191581,2.28044818264344,0.817197525088838,-0.996332980287791,-0.566533367514979,-1.65331589034098,0.0257539908681918,-1.83419658191198,0.5701230383411,-0.874468936621667,-0.527732746303619,1.48326263267442,-0.437125460867986,-1.63431966280034,1.17017055184864,0.427385249169837,0.705923473083568,0.861860384522083,1.15899188106876,-0.879294040560783
5.70986717015719,0.121378114688847,1.13026660200294,-1.20598765945751,-0.607611555861292,0.269858385962748,0.0209576680386997,-1.17271191012365,0.514730221366446,1.12093531123507,-0.550674568942876,1.67274290422902,-1.99709577468596,1.04410066539719,1.0811115908886,1.04361236744177,-1.34353231274098,0.641129198676145,-0.647221386799743,-1.11439410495091,1.16542457542143,-1.47001606519408,1.13159687558814,1.49063916852348,-2.05810807271357,0.128617361735642,2.00759907389884,0.233082999279443,-2.09447670969422,2.41116782312995,-0.472206552174711,1.12582079920304,-0.378555537509282,-0.124654131581729,0.368060626892949,-1.04196495627844,0.0773389404308374,3.06530520231492,-1.67987328678222,0.903089101479455,0.795725154877971,-0.223630640328348,-0.364015537843104,-1.73431310098362,2.49270235656519,1.01472967997522,0.452359294806395,0.0352691887253856,0.819234658691382,0.975960859742806,0.32808303572352,-0.748764597412111,-0.162163151797691,1.21799027595347,0.084762672098545,1.30217213469487,-0.164882933355983,1.86161749778897,-1.20883643804979,-0.0457458032270545,-1.55833760616705,1.08974009063565,0.446346824400367,0.0625538332971416,0.541240735150638,-0.926570036710919,-0.312678829420425,0.402563031952299,-0.027871436100627,1.15451651894001,-0.504105945287269,-1.46851487875808,0.571168553752277,0.832081111587834,-0.427118156983568,-0.595767343185746,0.101376981761843,1.18510453908691,0.3747493408835,0.266292444734725,0.541370914673351,-1.15941170868336,-0.64042470558696,-0.514003203673506,-0.715802833309179,-1.62947556162688,1.67060329197496,2.00568683363469,1.12197529682524,1.04895754767348,0.323822925319294,-0.888907045536438,1.36420827007271,0.0281995200736247,0.80606982228787,-1.11822009044016,0.571411963333636,1.69504440666056,-1.17246320848303,0.030910222121213,-0.507824248693509
9.39629177041672,-0.46725233438697,-2.29748101847296,1.68172402564482,-0.590858017455583,-0.798210285314808,1.29874207051702,0.133392244987077,-1.20157449247102,1.08771781641062,0.680755653869804,1.68278044382191,-0.687791115342753,0.566963855493259,1.74144477459103,0.197973170532344,-0.265110904543582,-1.39217867454132,-1.32558698179659,0.21706813891768,-0.173258627757534,-0.441296175329795,1.24231104586249,0.989608038681948,-1.17481578849938,0.986239502967528,-0.219571856107843,0.999710799931581,-0.543434184651456,-1.06774427342781,0.981068140586029,-1.17437318415721,1.40218745834081,-0.487963756598902,1.48302533353059,-0.727937832587866,0.862956192332292,1.14940710341544,1.60863922304194,0.0860943313747493,-1.31345952772358,1.47128998826315,0.286257329232663,0.951727348545955,0.369194122330315,-0.469625877065264,-1.26280212083327,0.365762066401444,0.647385541740066,-1.31470179356001,-1.36256513635973,0.136067374914855,-0.217348692693706,-0.626419642984896,1.36790893997894,-1.70047893263861,1.99833819093767,0.26316254932376,0.394056329703722,0.554325304987257,-0.356275772268977,0.199015724433019,0.969947546063333,0.0150165628135288,-0.296598062965665,-1.47964551580539,-0.588486726529311,-0.664058198499459,-0.275391584087515,-1.29873313610189,-0.242057830501143,0.0712798017983743,-0.583067688395105,0.987664935286624,-0.544553421386561,-0.324292210816462,-0.621968504368118,-0.698499023939572,-1.54360954605583,-0.570176335253506,-1.58933737113953,0.77870476999438,0.24868812354041,-1.36116488773135,-0.202315362599151,1.37843894087509,-0.973211918051643,0.879934731142774,0.0228225866483791,0.594571309555715,0.704272827146168,-0.341724932710566,-0.567270494588868,0.179592683854063,-0.150829774808763,-1.33864656257308,1.80054490734058,1.22474284193281,-2.20934196798649,1.03282253023646,-0.937718347895024
-11.932108083373,-0.765152316908442,-0.720359983237965,-0.131541837428967,-0.329418880150589,-0.575036298024801,-0.100400690563999,-0.0109126861809754,1.18294626740803,-1.40358106445204,1.50767826091123,-1.10102533431099,-0.262482026359175,-0.280741150136439,-1.56970218553169,-1.25386828773181,0.370674452417538,0.871073567089533,-0.154991449596921,1.64385650481567,-2.11203202551743,1.0654688089458,1.47231271663517,1.47682044221794,-0.270767620572024,-0.892233944751525,0.00433933386074704,0.432148275941917,0.289908175619623,-1.08007799888402,-0.457444333172937,-0.525096902327489,-0.10521166264067,0.124121492738925,0.347596929811615,1.24042058679682,-0.420953827106272,0.40603365221191,1.13180476938463,-0.571098159023697,1.46174336885682,1.89402291614587,-1.52245388577917,-0.068920455735367,-0.68877729169346,1.04886596264888,2.82385065047173,0.261090780705314,0.774333667488739,-0.278358170023851,0.0180681428831977,-2.01376180308087,0.216378662071933,-0.382002903496534,-1.60871541525245,-0.976562725344282,-0.719769277499823,-0.202653743119699,-0.10242044430778,-1.88429474885817,-1.10790032873842,-0.957954274502596,1.77602135153036,-0.112317119731029,-0.930341706820831,-1.33449120507247,0.138246034400594,0.854898423732346,-1.00988413024392,1.35636097850821,-1.42377714564181,-1.50721286284593,-0.834341145071779,-1.251293270778,0.746171225459571,-1.34220990276371,-1.92317649794239,0.989914069087639,1.27008769768267,-1.80858623868091,-0.615941540860197,1.44564681981655,-1.00983095676592,-0.94596697089495,-0.136399448181652,1.49904453314097,-0.133902629351786,0.826536581690427,-0.346670134510058,1.36785849845023,-0.0796206194644288,-0.9459305646404,0.966769805278696,0.75004369339186,-1.11022749511461,0.757353609545212,-2.11242036330139,-0.226145397142547,0.214823376717206,0.0906384871480721,-0.0432425256644828
13.2919737764369,1.06690161964182,-0.333706799382464,0.629180381125233,1.12326068615323,-0.504947717864064,0.981063509973599,1.57661942080538,0.299391775883669,-0.90889546149397,-0.726001745263603,-1.02466472226332,-0.142052560724286,2.06742540070795,1.50757084380975,-0.191332524460028,-0.0122514946682586,-1.6928228606926,-0.485112366348855,0.884579098809712,1.05806394757484,1.51419912270088,0.673234436549169,0.121479275902692,-2.53995226644787,2.16478704729618,1.88070971414022,-0.807116926746114,0.609032868468692,0.964611378580512,-1.33342029333823,-0.333394639507505,0.375537655882795,-0.736620387447337,-1.50073100560013,-2.3975232776774,1.25810056934664,-1.31109390835202,0.38016013245759,-2.27081484882626,0.329381516562836,-2.0468319224888,-0.108758499107918,1.45082736513199,-0.0614588549723394,0.790713026533441,-2.25862536243905,-0.991552752518967,-1.00927569247111,1.13505861487106,-0.5361443040605,-0.51770020604899,-0.450380779202334,0.305432079511696,1.00584206244313,1.17411271506204,-0.468780627606493,1.53450296695726,0.513373794375369,-0.887222060241296,0.743237662014099,0.347112013508057,0.962777398946732,-1.51935586965241,-1.12285078223094,-0.710614643919342,-0.676934476703286,-1.39493983962228,-0.0374142522870315,1.15951479179864,-1.24403582688001,0.47740020477532,0.149412775418531,-0.917368375202144,-0.655360748591699,1.77670062173976,0.558359623863744,-0.980379087487344,0.953274354062905,0.539794248834973,1.1416059893813,-0.503631689825347,0.25201864283681,-0.476502222763237,0.074302332163804,0.178012507986951,0.206867519225423,0.626187921856919,-2.24652467241777,0.49007107271006,0.336234393483646,-1.01104174259491,-0.492702011805982,0.424416972877773,0.340258669177328,-1.16817772643844,0.309403639884675,1.66453818423815,0.215688548427862,-1.76112982824047,-0.817730060004074
-2.82440363134481,0.148235806690475,-0.496643222458751,-2.25711578324883,-0.638514118185629,0.672516681339083,-1.33402304454815,-0.802656938591733,-1.6110293680975,-0.879127208409102,1.98182378617605,0.54610542400942,0.733235890290823,-0.211297731555528,0.0200863384123227,-1.4920865955224,-0.417457835676543,-0.964241861061967,0.0166557491733215,0.626018382905922,-0.0729639726881604,0.336560556203315,0.271410426693738,0.00549830976058076,0.288250745868155,0.871361818240622,0.405156392113184,-1.02094859035413,-0.937230711469162,0.0224138721432946,0.297837138781258,0.616693712315587,0.64686903827623,1.48752226448491,1.49872354136187,-0.221748339270312,-1.36959119917645,1.71168728288186,-0.936839938317136,-0.207863286175286,1.52735254274119,-0.432983550405184,0.412718219550883,-0.488453765362665,0.586243758834188,1.76079189307286,-0.0594944457167079,-0.176622132241654,0.888742068868988,0.869407074832457,1.01116489323369,0.41190258998528,-1.56012349461949,-0.550374581407233,-0.28045420685534,0.931714494203714,-0.283014913597159,-1.07506109598429,-1.26106540852952,0.884341330799466,0.205825962692661,-0.0843909013949196,1.1437257726562,0.706207160295787,0.0360682804292488,-0.133674065900299,-1.55069028567895,0.371255208475263,-0.267587586332581,0.122399419793715,1.35238847847107,0.12440718845081,-0.609885981973323,-0.557524769612897,1.24487745631026,-1.09127351581096,-0.727621350100533,0.267353026424036,0.0218509588714666,-0.716698842014948,-0.611218330492333,-0.284008585894267,-0.0389537645463088,-1.42071148392193,-0.443358235347061,-0.909369354538588,0.110978576747797,-0.179038737370178,1.84442489866524,-1.63021824719275,0.0508029205967617,0.572974560159077,0.854471578645998,-0.0102880216808949,-2.05068398312921,-1.00793035791987,-0.150209657059231,0.315985453894342,0.522579021549903,2.00720946686807,1.48102456366885
-11.1893022850331,0.630155942421664,-0.199963209667793,-0.196399149654695,0.388546029647071,1.31807311953414,0.262076184051241,-1.03671088241416,-1.18750799968035,-0.867030601470312,0.788642144253655,0.850715612467704,0.725033946514329,-1.5489864102949,0.0844436106836827,-0.377924440332919,-0.139293890792892,-2.27922451138616,1.1048378470402,-0.823567245035184,-1.6771815462856,1.40537704754459,0.600802001958605,-0.0320063963423542,0.524507276511829,-0.321519184188456,0.358245604373505,0.673410164552986,-0.640129054517563,-0.450605845765208,-0.373282367088501,0.646232919816315,-1.50897966858212,-0.155341324807334,-0.858868701702176,-0.363554790632018,-1.52379291070997,-0.0450899231464281,0.3794875528915,0.031335662821638,0.333929171897713,-0.669957630395277,-0.972484450499436,-2.11605509321957,-1.1764487019799,-1.13198492956601,-1.32161281975931,0.417838908954923,-0.112778280122255,1.14091418287903,-0.118671766053162,0.267319304301069,0.498189435063664,-1.73220748155955,0.264218000754669,1.50056753921996,0.194442933381415,-0.0136678287146095,0.418171329749725,-1.25502160810797,-1.16966904123453,-0.335478944146679,-0.348933513636886,-0.732742759441965,0.253226717121896,0.47054761833118,2.45897033260265,-2.4567544186958,-0.433571152021114,0.734490443063875,0.937237559135277,-0.991908337188056,1.3965035019275,-0.493736793639909,0.844326874875737,0.676140335052001,1.39673254844157,-0.701354601505897,-0.906276988400024,1.48830526147013,-0.498142470836818,0.770548077038315,-1.03710738286633,2.4922989898844,0.527717044218583,-0.6360215762719,0.403075762336439,1.49208823220773,-0.60433776704436,-0.681132886792809,0.72552366305418,-2.82868332895872,0.803090253891385,-1.76256435348797,0.0450889345371127,0.719616351099085,0.757117171975153,0.320040011383243,0.769912078710461,0.884540646837585,1.16653435594529
6.61536618666628,-0.211842510880723,-0.212509242885346,-1.35725560064604,-0.728187814387826,0.871156461906296,0.894988729604981,-1.13449097672886,0.0287138197756909,-0.190157142922558,-0.838503816423401,1.98086793248245,1.3899383123412,0.037521495205161,-0.448501720249362,-0.209919181118992,1.11734700174164,1.01140838008815,0.184759721578775,-0.858458978808258,-0.558882317487662,-0.00925775303310875,0.285845587047988,0.933681580347979,-0.0594703518756723,0.342338459082998,0.236001510447239,-0.860773959907201,-1.09142572171929,0.319258350452647,-0.900269543600589,0.948260710370877,2.15294650462424,1.13815957128621,0.299595337607476,-0.224752234497006,-0.902468043766018,-1.7557847572011,0.576266411226144,0.886265660546214,-0.155496556563407,-1.39594379784748,0.887289367528287,1.16522149940023,0.404682557619387,0.316224839577692,1.62498486685642,0.622136591139819,0.700338934103531,0.858512772458322,-0.893835470241105,0.3989157580064,1.44185994999971,-1.38631908068498,-0.787944148558355,-0.216438944873803,0.599944271348483,-0.0792554608667962,0.0879002018708218,1.07286938878074,0.422434356263667,1.60064197195409,-0.436915790592003,1.20131698201085,-1.05828797969613,-0.334637349303226,-0.333299099119738,0.374429766934279,-0.344455986588512,-1.4956132641352,-0.832029730478085,-0.983643858107977,-0.220123404479671,-0.57890360824421,-0.506838384352206,-1.10270377164675,-0.72989255222496,1.32135859959467,2.07174869903776,0.598710769563417,-1.20555589454797,-0.504064857207014,-0.661953827434123,-1.08122054380448,-0.696921495793966,2.34223234553721,-0.987616137342164,-0.815348873781444,0.375282222496977,1.38488164387925,1.27796958633219,0.6209775656293,1.03977735851786,-0.591924271358123,-1.43913133059095,1.48572227705053,1.85488790215591,-0.461908467117036,-1.15458402617973,-2.02900038998286,-0.145866302888737
8.66614922932539,-0.331827086271889,-1.23213435648945,0.735528262514363,-0.61664021426007,1.08793772073999,0.214970583843322,1.64781657500264,-0.484917260652837,1.62920497381717,0.91938292797611,0.10265579037084,0.550483247563993,-0.225983642433627,-1.30407681531844,0.808347419742061,-0.0536205146721295,-0.72415296634953,-0.089382025928852,1.14833936048485,-1.02894137021082,-0.816529353140688,-1.37433424615252,1.38724747777245,0.251888628844127,1.16797448714677,-0.568488551739811,1.09791185545569,-1.15837935506122,0.279529548033337,1.32754287109999,0.089115218233583,0.833028186565024,0.372123126548815,0.764732505029401,-0.245069607978261,0.417867364017468,-1.05790128677785,-0.483083261776793,0.178235786769947,-0.919604696936109,1.68532755129106,0.590076841378215,1.12797725523343,-1.1363523844014,-0.454798438195917,-2.30666816143878,-0.522315337636792,0.266406542337047,-0.992112720905059,1.50403104752146,2.00219142324549,0.282972396768315,-0.933985869791648,-0.0766302890061498,0.37467108406632,0.438506850273273,0.256486937259358,0.629838741261003,0.712359962136931,-0.0272023756588168,0.124526511760148,0.153842253217678,0.178078386573826,0.120347190592537,0.376989479827786,0.965626266321943,0.554732704805078,0.109912606593485,0.0838125153522164,-0.22498747592481,0.118043887942156,-1.04764598800616,0.296447936126946,-0.530463036835115,-0.291477740676965,1.21602210897618,0.262827769520825,-1.025736830773,-0.444557087776422,-0.0335275129545372,-0.443277777041236,2.03165251418424,0.0106164266982789,0.349940675728231,-0.506965546195802,1.01842468102083,1.58130231559738,0.365444591117699,-0.515704063693599,-1.20294816285372,0.0902838695263703,-2.11058101559428,0.677138191678667,-1.25749871422696,-1.05097172138707,1.08660737865368,-0.692665971580106,0.903895642990517,-0.354465511456811,1.44470919388456
-2.78685299783498,0.165790660543549,-0.139043585300202,0.184531162433457,-0.62223313325955,-0.0935601926223893,0.786205893166204,-0.550222835552511,-0.75423492566701,-0.0105331092580269,1.00232168192465,0.131441099672622,-0.748733604231232,1.65399834216769,-0.32818580856506,-1.19269343542289,1.29693995678699,0.912632264339352,-0.692859848020376,-0.274992466066432,0.354296963919812,-0.83663678997193,-0.864606299167295,0.320432495702213,0.981354033958713,-1.23404857996615,-1.10933784878382,-1.10434345565452,-2.62234753152458,-1.66561306826013,1.18250230027633,0.683363781868897,0.740895500013437,0.659732765724114,0.324682493161787,2.4957006883176,0.368750863833629,-0.868435400239489,1.47663948675014,0.182471204094127,1.27360165466469,0.0867907548098211,0.998151443095822,0.26178631773319,0.840523607817481,-1.0955226897118,-0.61288123445666,0.151079702025068,0.607958652197438,0.791352451033561,0.0662542484875789,-0.565414515532148,0.780375724936921,-0.59315698847395,1.15919464603954,1.3153473827324,1.10062293214891,-1.06934460258302,-1.05102044971681,-0.485182886994814,-1.05378732485537,-1.91027120470601,2.64552299945384,-0.819760879303514,-0.744603827918401,-1.07581674217839,0.668462416626667,1.97041873355823,1.50406407182847,0.291169429897192,-0.935223968675339,0.616209063675953,0.530115437940943,2.293844676054,0.298404063174237,-0.584242518978479,-0.0604123349072796,1.27090527404409,0.788609754405317,1.49074736731884,-0.796547374091806,0.168003794032703,0.0103335136188501,-1.35014090487745,1.83455339344609,-0.541849688794265,-2.37495665668514,-0.681312804776403,-1.23395793460214,-0.056737453471266,0.671075412304017,0.578116405210638,-0.217822205297069,0.675347967344728,-0.00937254552641538,-0.997106534073323,-0.0252142303636621,-0.0593588484790539,-0.78452319655562,-1.28499278737874,0.930123355248377
-8.00083889446969,-0.365934845338654,-0.986105259269487,0.0126907846305014,-1.58694416327337,0.454323153822588,0.469696773692565,0.134308248147989,1.741527767309,-0.152997490291348,-2.5656124656718,-0.596402382766416,-1.38372550128059,0.480030171041438,-0.833632922328705,-0.739871124536391,-0.00577384361367219,1.3381297561462,-0.0789409275055081,-1.44298436801513,1.38774277630547,1.01317507724435,-0.922498076713745,-1.46193656354087,0.0427940232198007,0.725727257194408,-1.83772784161682,2.0700618519612,-0.949181435348483,0.236210512602383,-0.597534013645361,-0.901058512161491,1.10133484502587,-1.71552938521312,-0.737906379436795,1.48712286736941,-1.1541630111106,0.270928544744099,-1.93798654896708,0.189224936606927,-1.69387953738023,-0.0697637709492331,-2.47040954484036,-0.533842561067259,0.865675126673817,-0.581898095768327,-0.400688346059327,-0.659042869307196,0.77096080314102,-0.889229149121452,-0.960771717761342,-1.91606923583764,-1.76377665825847,-0.60486515554006,-0.956184491266517,-2.29086039670683,-0.784569311409685,-0.146150272669456,-1.37046885099853,0.0360139795751524,-1.42654976003124,1.45111581677555,-0.180992733718641,-0.0845566978816431,0.725782321379598,-0.279975653926057,2.28054996544332,0.158111766154253,0.266085947427232,-0.110314307374497,1.12459101128142,-1.1490951639938,0.40773791326304,-0.213941477931118,0.245960957801668,-0.733805530298532,0.350908943954287,-0.242736685614008,-1.03929531055397,1.86214892790852,-0.817878180897213,0.97599163023883,1.55841699051461,-0.287187558290208,-0.475250231308874,0.785807858759208,0.0192462103165812,0.881947145564092,0.486436336544008,1.30565342743836,0.865227545477068,-0.340472228933054,-1.22334182736712,1.02135266765145,1.50092618743015,-0.354634936218472,-0.664199313720844,-0.388375308363863,1.95406688527428,-0.775553768629724,0.878749765793602
-6.04253569991074,-0.0338623791601131,0.485558132799313,-1.43269003087381,-0.547270971727675,-0.229033221295077,0.597738235203505,-0.617275201943414,-1.81532302040506,-2.33723663674926,0.216314101487203,-1.68295227894182,-0.501924956910598,0.591832439931851,-0.636542210265817,1.20114719995674,-1.12696667933291,1.15555380992286,-1.24225401865377,2.11353090122855,-1.93804451817581,2.51816534187488,0.451854720439826,-0.215947954297528,-0.720686809264653,0.339933409052041,0.385391162337089,-1.02955664275936,1.11383980052183,0.0145031761197332,0.708817319489173,-2.55779370195484,-0.287711452758381,-0.320204960973639,0.303168194707006,0.168356151534426,-0.561014302429382,-0.940242873220856,0.0582897596674394,0.649818289063982,2.04344481461884,-0.735308110963132,1.03085227120182,1.50075629106006,0.332185026743308,-0.198669607365428,0.56362945924763,-0.608794506156237,-0.779353824650054,-1.20891601457931,0.0652156009169694,1.14815752882575,0.503110218503978,-0.338568461019719,0.240212810037948,0.637524527431506,-0.829683033496349,-0.266389249769511,-1.53834555182712,-0.00609767176139061,0.829004894169343,1.27889331670814,0.652291681227898,-0.514236864590513,-0.718857009454188,-0.787684909525696,-0.403425711862772,0.485343466654805,-0.323355637170719,1.44406544101619,0.186479881840553,0.251348186042796,-1.06728541398828,1.1825050207282,0.870192779860572,1.45897112385953,0.120544905603257,-0.388288085595866,-0.583744180767348,-0.940158122497679,-1.21166914716439,-0.971868390632469,-0.0246105412281844,-1.19661294980476,-0.0782181275493481,0.482419687113284,-0.0970538373966822,0.421804029242049,1.36324409163956,-1.09989738310646,1.31270615939053,0.961300860331184,-0.660245690233617,0.139905664585606,0.0476971282918957,-0.150882377924495,-1.22458070996932,-0.756559545884122,0.133101936756047,0.910142803923849,-0.557979218376582
1.05984944035878,-1.18328105138485,-1.99365888454109,-0.276367750012454,-0.0967783425599623,0.365550596205151,-0.805286189072674,2.60229120675867,-0.423130978160927,0.535722854616081,-0.202398534619826,1.5454584029615,0.0686957171873884,2.06006848002164,-0.0379023684847763,-0.976984085259032,-0.677971082383513,0.964272045029881,-2.06222835883973,-0.270582908900393,1.17764683757098,0.751710901802925,1.0049117289485,-0.147487672333378,0.655547266032814,-0.341640857414341,1.05720222215686,-0.654835163014797,0.0715780803197519,2.10913707574575,-1.24355018916958,0.933095935370683,2.08585154499328,0.493684650377267,0.893074578608899,-0.74847150906094,-0.805873238884806,-1.53101652186979,-1.60003741584615,0.397014404902504,-0.755292632264726,0.0991531716778398,-0.501074424415474,0.514856264534194,0.758967264133998,-0.852761284703483,-1.18808279384283,1.16567444925677,-1.03204464244393,0.106597666726766,0.817211338494585,0.307672675176371,-1.5902705759839,0.0646359167182968,-0.668432860383665,-1.05427965892663,0.199936580056484,-0.764945258713384,-0.616855057125701,0.657283919108151,-0.324481276745762,0.556073241075967,-0.313938691207736,-1.11953139997502,-0.536961569640565,-0.318713861694346,-1.63059960909155,0.518584706099022,0.439074255332464,0.0716635044869116,-0.108382650679165,1.24809621540433,-1.72725765368198,1.26845861162663,-1.33575758887868,-0.754652191590676,-0.538990489092062,-0.1751475411661,-1.22704231891801,0.329453389350018,0.420273069270801,1.94434646490327,1.33530940884254,1.44632530751601,-2.86420683265568,0.169057006876343,-0.71180971277786,-0.557105199132222,1.28361248076932,0.288195287542755,-0.635478151561506,-0.809374441989484,1.02404584486167,-1.80082911699194,0.163256390452538,1.40036730755554,-2.16135905670801,-0.302451478204408,2.79415032393213,0.0133693609626153,-0.187491671145397
0.238741452914486,0.575634955263635,2.3969845322597,0.977025193166737,2.16002788105899,0.110390031409646,-0.95157564871859,0.30102229158328,-0.13691754423316,1.59683438402512,-1.42766880116062,-0.877180570257377,-0.875578762102519,-0.300777144867661,-0.921589033543838,-0.0539356377946458,1.64919344799792,-0.124389553107565,-0.0489871620311181,-2.39855768661881,0.472393823128563,-0.728910360844726,-0.301341912781067,-0.0653443900289776,0.0140125991451427,0.876609924475928,-0.445713212071393,0.279646617937294,0.776034700553657,-0.080461894747064,2.44417571003947,0.0243118600537605,-0.602918147464211,1.24875194989629,-0.841750248548941,-1.24651314431893,-3.21304121830732,-0.725747250044612,0.0458126067356102,-0.535394662877452,-0.246542281866566,0.0889487817679999,0.529653649041195,-0.543809858115131,-0.119230386833116,-1.5616481739442,0.893327611292072,-0.496856483401361,-0.968977544236965,-0.70219192444983,-0.72188889187059,0.050650047725147,0.288394930055091,0.381592179175519,0.846592247940479,1.49301021282299,0.0693062416139503,0.661884984105622,1.50747666792008,0.199051613413972,-1.46600165652303,-1.40158625560142,1.3879567873289,0.0507668126504111,-0.110901936181205,0.119840637534742,0.000511986161581454,0.214664253254697,-1.09273268980761,-0.452790911831624,-0.629605713998816,0.0252860598585929,0.0363469417286315,-1.5952584651004,-0.797835281455212,0.312452350681776,-1.85288274761108,-1.15245212105462,-0.349102950344601,0.959023685709119,0.340903425059172,-0.456356539388406,0.190397483417505,-0.768752392611872,1.05704318052721,0.755915918801636,-0.311289881451514,-0.536683609254348,-0.282179054531207,0.586071757381159,-1.55160649326613,-0.0291527943443288,0.623926247270548,-1.60708179438423,-0.548895290992256,-1.56744813422074,-1.09752527695419,0.431684871655398,0.619917145898417,0.603009715460006,0.0908673394998533
-0.299079677446818,-0.512742222632267,-0.014831377797512,-1.3728416233378,0.342273095838367,1.11096249635948,0.512705811293938,-0.385211806623366,0.838389546923746,-0.831641507493298,-0.837807151089087,-0.0331723594650684,0.780386740165682,0.516697103042153,-0.189777645710008,-0.413718108232505,-0.238766118922908,-1.50410509415412,-0.95367261401761,0.160021503689468,-0.443977991493179,0.636599491894662,0.863778831757762,0.169331268064462,1.28390459962289,-0.149641982684424,0.975722694871798,-0.701000448475227,-0.0198133799498633,-1.08502974018686,0.606974464112277,0.191446898960346,0.671290464197181,-0.731489076073814,-1.52813045468533,1.06832366026627,0.111075617427424,-0.286446975414089,0.596528282560642,0.543033962683127,-0.0372921181980502,1.86411972621992,1.40674277178787,0.660893677358269,-0.382831860729961,-1.03147153193293,1.14126586608661,1.03753591434302,0.0527893169161532,1.30877590066712,0.476911011009208,-0.474634853060791,-0.541640768326594,-0.746082988121769,0.785700370415528,0.695155967592865,2.42286968103414,-1.54860049707735,0.641711063756646,1.68552321808044,0.933810222986875,-1.57682103211292,0.345222681565139,1.45162394800407,-0.351172772138333,0.759420914932411,-0.236477344911568,1.34944247407605,0.927100392172092,-1.47755290884109,-0.0692869612408087,-1.05780240182498,0.0267012005324625,-0.86361196003232,-2.09561341660119,1.08209494438803,0.725775147483851,1.07853953617936,-0.344771206047935,-0.461314978846302,0.264946116180219,-0.482214764619133,-0.00249136459809665,-0.239864907122414,-1.24158440495809,-2.270350145289,-0.823525236557719,0.072586939478094,0.23199355396347,-1.16224874899192,2.02315672037561,-1.11480082546925,1.72339610157145,-0.992463756228932,-0.968669988030408,0.321822292131094,-0.976499653310791,0.698792591775306,1.11493668105523,-0.34478998996867,0.0477905715332933
-4.06663389094533,0.878005595713651,-1.38597545393745,-0.359951304177619,0.358812429167412,-1.03356689179916,0.343981485630009,-0.940427468611777,-0.0879204627851524,0.634912085559762,-2.38514890290613,0.0758526256877948,-1.08092807056071,-0.88411993783024,-0.921444882459734,0.0646570266898376,-1.21494796224228,0.165561472583719,0.0909286225312589,-0.241824958871816,0.568284725895066,0.384542243978534,0.44614489046531,-0.448782243690088,0.383319544972611,1.59560380364661,0.54725818218548,-0.727217493285577,-1.35624550358412,-1.05745543630099,-0.516518090320546,1.34926312389602,0.903521025098303,2.48243515887418,0.583006587907879,-1.95882885117898,-0.338403109526697,0.337522446668358,1.3947140375599,0.0111994522916668,-0.949653465515187,-0.399503853748446,1.18818920067513,0.82178202310065,-0.367874678282356,0.718262675099799,-1.7420965779844,0.134275360652064,-0.298606921126003,-0.463628283912687,-2.0219780631534,0.465117479171362,1.04367044689953,0.743051314185699,0.124294657548357,0.42193277593537,1.21643830093525,0.652985256177364,-0.86636200551851,0.336368365380519,-0.702808133697366,-1.19868631951099,-0.99556976490241,1.2119927467653,-0.383627387583261,0.739657153215763,0.01546234785228,1.19805434255274,0.276061578125421,-0.577718744162354,0.456437544389813,-1.88216633290755,0.449865985576746,1.46151597289858,0.247807940865667,-0.428939930567065,1.29276851061186,0.496584600090417,1.28089114386472,-0.0980994834994604,1.29798832380828,-2.45372782916926,1.90377069613585,0.0156404440940787,0.0953193313876819,2.03219892066712,0.151142779352444,-0.19490946872709,0.324307522890744,-1.49396206952988,2.09217583305046,0.400492909422403,-1.23534108773897,-0.57667338189426,0.481572135184228,-0.0466131352045754,-0.409171506539203,0.795072707682665,-1.10087254182791,0.577232685085809,-1.05692288567927
5.21068441968355,0.0527537229773699,-0.443380485044222,-0.22452330665016,-0.0867548939511348,0.798267181958528,-0.745197740292672,-0.164858727329729,-0.571285675859136,0.89928918780296,1.17137586204019,2.24693464355638,-1.44487573375608,-1.23505055895331,0.92252059672275,-0.218860829024276,-0.0548040799769399,-0.268088706424654,1.33803228535899,0.350837481915887,0.349318725104493,-0.392196618987771,-0.0731809192770678,0.401509940642772,1.23098976482435,0.458489236037099,0.953634969396351,1.55943917643936,-0.754483963017809,-0.0637506374845991,2.14665352377106,0.5683888702183,-0.577852946570555,-0.497389089841324,-1.12347626368293,0.263042730563533,0.688140559714371,0.287704219752803,-0.977032828366583,0.402582073903054,1.29978331450673,0.330475639037114,1.80623400856444,0.185232995373928,1.06386223192415,-1.40851181660849,-0.607130997364183,-0.283377058424104,0.666875820202383,0.277655779060066,-0.0789800581989865,-1.0734175885423,-0.345971989000021,-0.540095190458267,-1.12130758795997,-0.246629090109977,0.878733906752755,-0.15955293710731,0.177459663417937,-1.0066087968991,-1.03639418315673,-0.394032826648769,-0.270521671024973,-0.0219148325795879,-1.31679953961397,0.273128319463357,2.13573052570523,2.35069694612575,-0.391669843224914,0.893208208887438,-1.92354218451563,-0.895449094177664,0.134743289623309,-0.622428479975208,1.76756275238543,0.335846251098043,-0.698134703848602,-1.31102482834816,-0.992521538440394,-0.303153818424686,-0.304886589149697,-0.56066121616044,0.0114714068971372,-0.289737972149502,0.639498814692385,0.642841331362745,0.42168331603729,0.171143045796357,-0.00583279267387454,0.565132532178229,0.974842933923506,-0.692118623440166,-1.63584844643876,0.0887876084179469,-0.553046651049937,1.38196320703866,0.601249459967679,0.655306013523813,-1.22344408435985,1.42006576210223,0.0356882984483295
-3.44480066560423,-0.987494059160002,1.32804150920503,1.3317408972011,0.57402020606875,0.184969414522465,-0.384244046373917,0.364468422161446,-1.11739660270435,-0.812351644922116,-1.34389793826888,-0.279439309093721,-0.51519940308014,1.02477996031889,0.288174289243999,-1.39748190463209,-1.06232071855865,1.55659199464844,1.0758625454567,-1.40099102524071,-1.9201694178045,0.139416548193802,1.21263494338223,-0.64009395508606,0.368535905179729,0.59541345560437,-0.372546893571697,-1.82496705714244,1.14176600162762,-0.352062501285897,0.32317635417278,-0.202983651344446,0.881598735188197,1.30214179415467,0.0378454121678905,1.03806897770004,-0.169051096902181,0.771868581638384,-1.46745069950182,-0.0628324235493676,-1.05073770191778,-0.191585077204369,0.16443841843075,-0.128009315131097,-0.451228811627473,-0.45079405337603,0.131871988160498,-1.99892940841723,-0.560224000986697,0.746925016493843,1.44821745793338,1.27544852354699,0.591336144931995,0.606115740950512,0.935056382120408,1.02075626247209,0.914988304117293,-1.27281120757715,2.5195882090311,0.849616846448916,-1.17259741740707,-0.385496217561564,0.0781053651259466,-0.128172294174563,0.899131207823117,0.710853346029819,-1.03172047577673,-1.45315165286285,1.00003862275836,-1.24238102420806,0.305801478005296,-0.887860833045531,-0.374400742144262,0.55623110349913,-1.85917189524757,0.39528330489717,-0.663675175625013,0.564130273657655,1.04327429906243,-0.131646061099194,-0.57510054040679,-0.123482131165898,0.0324668354147303,2.52567274570384,0.620770042745684,-0.66266479213728,0.712822151344072,0.930186475213237,0.824223282397653,-0.10115905128387,-0.161762405322408,0.0592590855379257,-0.643752928498215,-2.00934312760538,-0.692637510619376,-0.265000244099676,-1.88132144694535,-0.700793433324122,-0.0380475818844245,0.0829763396859736,0.160701613940326
2.61147420411061,2.67010932617819,0.235372094433571,1.31418170266055,-1.19099070274023,-1.478324617148,0.903986212604038,1.32795091986376,0.398480854453037,0.0472568149575436,-0.51474805230625,-0.0371880312437863,0.272295624736304,-0.704290863090072,-0.535820685693941,1.43421431307721,-0.397670126389677,1.00119073978877,-1.1325750185686,1.21207562611271,-2.00670724246329,-1.40604413425509,-1.19141667813306,-0.47531157947032,0.165626680840042,-1.01908600708453,2.29474685149742,0.135582490624102,1.49737414852484,0.426567662809548,0.869004309568817,-0.802465411709285,0.868673536531417,0.92941320616508,0.636235009352381,-1.27334079380027,1.25417640205206,-0.965974002492164,0.560123742541606,0.712517092914916,0.897907526231802,1.07863744572466,-0.0165664434741944,-1.24662786918198,1.44940177210412,1.38394669211158,0.66612277786326,-1.06760865266103,-1.19642367734687,-0.402511438271436,-1.18065617847354,-0.727121238629486,-0.937368108463088,1.61952604411606,0.0377549314439454,0.0938519564492925,-0.74804896504068,0.287737475626451,1.08364014773663,0.19382321991806,-0.807210577382115,-2.01120937914728,0.292421658766353,-0.131247816596875,0.454878613969713,-0.430522301455252,0.147771530531541,0.714264356650374,-0.0557696938972888,-0.493581010434408,-0.505879606799981,2.47026700120731,0.313990621212767,-1.06649241945374,-1.3827213299266,0.370939331807448,0.294991751576117,-0.95350665825802,-0.180572793380122,0.452181007134911,0.376796792286794,-1.51319677731816,-0.389169191796583,-1.16565685163688,0.59477755148727,-0.432220270307227,0.540985312467009,-0.685839203118071,-1.84896147724694,0.155684282067919,1.60320666377856,-1.6957449376242,0.880213633331446,0.136632885681108,-0.292530440749396,0.487680061086489,1.45438569884419,-0.802684841556164,-1.61883114361954,-0.643817263528435,-1.55431000091201
1.26452661358177,1.62154172432604,-1.81954982023976,-0.521679639004649,0.10660602320697,0.279255562772741,0.448187016787956,0.196582227841446,-1.92406976132246,-1.18542060128488,0.305640906866615,0.778354024958475,-0.295318969879252,0.384527756390048,-0.291801086907422,-0.672043215244383,-0.879739357031872,1.1399821621196,-0.131837297970954,1.16076233833041,-1.58757791095594,1.75508382751076,0.70178604715224,2.3474172144282,-0.379090039312389,1.14613689635064,0.83247564521938,0.582938715138922,-0.263076630338259,-1.53700995552189,-1.1296926701405,0.272445783771883,1.06585421291002,-0.338479213917443,0.784512669019409,0.131404339803411,0.274132517560162,-1.15750308726406,1.91276503255585,1.25488758261395,0.0691147271246693,1.52301514115974,-0.111301069476714,-0.800585196272775,0.0668046840148034,0.236090267768271,-0.828166310085156,1.16417025703696,-1.01884895699153,-1.98822153430203,-0.458642633432749,0.268919519245194,-0.700853852697357,0.66424697553086,1.3655711002479,-0.308140092836675,2.20675157631759,0.225996899884303,2.13029037871213,1.66993017106666,-1.26272183662376,-0.983777230084684,0.710680446725535,-0.511730708656302,-0.197354012438926,-1.45976668446648,0.125734066714143,2.41801257416753,0.649663646350533,0.743451513875315,0.532334968322697,2.24408575199287,1.25789929334925,1.64508153912009,0.72242931879257,1.55589321406398,-0.0178074144669867,1.27858792347947,-0.0515176727215123,-0.771783337491415,-0.725466529376535,0.739515553132677,-0.92106972538822,-0.666053265304525,1.13178844591558,-0.432835942961953,-0.68606299097826,-0.0665094337007949,0.183170377015701,-0.174252480202946,0.608841007501757,0.936985169539139,-0.580206267505059,-0.720458262315309,1.39470987442173,-1.85583366782921,-0.80470223685168,-0.244601703536769,0.368784306980569,-0.809426696681626,1.1946057458164
-12.8319467875813,-1.03358426575701,-0.485157294724642,0.37301042005131,0.543722279544961,-0.369427832916414,0.195604428342088,0.639503780273637,-0.702481270951744,-0.613332211024755,0.0965460661006605,0.343591902389546,-0.729863686205508,-0.994006383812606,-1.4093233572477,-0.881290043007845,-1.03432339733401,-0.0600619182478674,-0.0269455180291265,0.318396967982948,-0.418541112164138,0.738372115151166,0.699024776033605,-0.0833936990349717,0.510850886036114,-0.19080383091002,-1.670355228482,0.43705554673503,-0.492944387466419,-0.741684759379129,-0.10236001310636,-0.0389403085071581,0.636241936972138,-0.978433006969896,1.52873761699251,-0.0275540536313355,-0.744598144597193,-1.49787032902963,-0.627205575809635,-1.20444710789363,-2.04538635757229,0.321676961448966,-0.573631092338787,-0.275878302371399,-0.114169496145259,-1.84444552928881,-1.44853964132459,-0.885553188584535,-0.782320668731523,1.13600002152361,1.13250486466858,-0.00135401615287067,0.793592775808432,0.730861207002428,0.238624450947978,-0.252112333949636,-0.931759107805652,0.00899009572853916,0.225842886721794,1.11564738078065,-0.722544237550069,-0.35127011473805,1.43211696919491,-0.136248322284837,1.21260192172427,-1.26935933513895,0.61207088693263,1.34973775078394,0.832673820107042,-0.0626108949124728,-1.6204306276361,0.163794809749316,1.05989933907085,-0.0431449590784934,0.520355758706212,-0.0389396579832549,0.254709552513095,0.396981445466614,-0.144614013045217,0.558592549767747,-0.407652818300209,0.753076115144243,0.123467951069304,-0.0183209922787987,-0.376555443977636,-0.113323661983262,-0.456624628045221,0.490203958363302,-1.16718848162559,1.21533366245832,3.86226081069549,-0.31560915686877,0.0302836374951893,1.67877901970498,-0.774038447978633,-0.168307158786348,-0.87933984623917,-0.303318513846042,-0.197108382078853,0.69383154047447,0.712794089501961
12.7965525998395,0.35194424638133,-1.09070090608511,-0.39201918346128,-0.940556799169378,-0.278546942611942,1.19920520491864,-0.0620526668017646,0.762819352078117,0.948763654038273,2.29521323230399,0.811213274664549,1.04714146962834,1.42231486075856,-0.260714299872387,-0.945850154522271,-0.497818491862374,1.1329690034411,-0.493415762804005,-1.63822081745319,-0.31167361543589,-0.457299342539059,0.215775340938961,-1.6119715745586,-0.337684559931951,1.11940355105659,-1.49306574161373,0.646117111806537,0.494334615181397,1.58735987165006,-2.60249665139918,-1.45174660790439,0.269494764417297,-0.727844391491762,-0.0381343292528827,-0.919173841661663,0.0621674417768647,0.0298962658246065,1.14613387501713,1.19154722922862,-0.333237430252026,1.92516398876482,-0.0761540815910136,0.728135881096681,1.5361751674139,0.24133727245118,-1.59204161708856,1.60182489828211,0.724075779764484,-3.19878002395386,0.121713644933105,-1.40597166379285,0.0384111716393182,0.128770371343589,0.259130522563605,0.1554797665953,-0.156397458453585,-0.855196328477556,-1.04451577706151,-0.351263483739117,-0.383369684968705,-0.983698286953163,-0.0875704656814454,0.675937888589136,-1.91065991751019,2.05096348601431,-0.109211284610305,-0.184673705711871,-0.0659774856830343,1.52770688123912,-0.0223202679214151,3.15326207791558,-1.24766041394435,1.44778608268874,0.448552258396038,-1.91171820482074,-0.391612328663457,-1.88069220166515,0.74375680634344,-2.01380282359133,-0.830898404926996,1.49264790994253,-0.262356610523169,-0.807678693239324,-1.69586209964055,0.225672132136108,0.00129789416555031,-0.416902334247193,1.43193253413488,-1.49087175422118,-2.08932610192122,0.183866528386368,-1.56510390048346,-1.85120759790243,-1.08445956050622,-0.89047247612435,0.879623751542663,-0.56356301664797,-0.234374374373028,-0.142105691057303,0.846337666958683
-9.08077759874093,-1.12090975735823,-0.961241977610235,-0.28923175648218,-2.05070630341835,0.74162679271411,0.152095538755442,0.56845320606493,0.827897444120559,-1.33971346782102,0.844806597070869,0.846299526041435,-1.6574564929965,0.728521625673374,-0.822015167220782,0.0133275809845672,0.00797362317624341,-1.5650489415028,-0.667098744469277,-0.321038968142021,-0.328904331943818,-1.1560931845767,-1.08207297397907,0.187213143697277,-0.713278672248013,-0.771471851065925,-0.163338177804826,1.2067078652666,-0.557842077351292,1.56808172159922,0.101451173604979,0.882844721404112,-0.570906348390084,-0.115473165732409,-0.0666482056333813,0.513681024057221,-1.48011813547536,-0.493108269677074,-0.162365617052019,-0.70464553241593,-1.54921949752386,-0.708243713595959,-0.247976796983273,0.308740462988576,0.385776923057255,0.589907553189228,0.919501947354145,-1.88285864909066,-0.114364764619744,-0.70252998459569,2.13460529639541,1.07647105966919,0.914332032958338,-0.347736820552078,-0.625014033102752,-1.2082683190657,0.387627561062488,0.825045408727843,0.277129478057706,-1.27877202029721,-0.396596825665377,1.14390658778311,-0.672244925146939,0.605914273357533,0.88272599220586,0.599747952803158,-0.590326957327023,-1.75356032392882,0.391856277468258,-0.844243813955029,0.281546967926265,-0.731050260748569,2.65890567651926,-0.782848613232002,-0.465746555242105,1.47828141271843,2.16410905179625,-1.36937459862437,0.401289062480435,0.152332406215524,1.39031649533687,0.147013981513528,1.2997266923303,-0.545657774531905,1.89634706643445,0.185420586680163,-0.317574761864198,1.21351654089117,1.20869020972905,0.648526457957687,-0.0217140682094317,1.21338537886183,-0.450716205155561,-0.407891917257893,1.34047857478205,-0.639091813303011,-0.486254985915001,0.154181498546783,0.395426786416988,0.582067033559509,0.885048097864413
0.363183001841984,1.15844144564659,-0.893985881200239,-0.860192787467046,1.66020180215394,0.25121938869798,-1.64459821795298,-0.198383956138493,0.939250161112063,-0.533796603760399,-0.0634539221231479,1.66516755824675,0.616938355307478,0.528201556258015,-0.19430476805348,-0.0872321712953929,-0.546486114922312,0.404416904560111,-0.0773295574417301,-0.586773333005869,-1.21865903738874,-0.0327893670556689,-0.446906236771235,1.65730222150877,1.88036487808493,-0.276522571973914,-1.30931576366234,0.187878169223073,0.424401596729293,0.797824889325626,0.934363298000988,1.1852620470468,0.205239559994363,-0.169395156234256,2.3014612834797,0.390113240147875,-0.969796756894517,1.15803093063845,1.21743158858466,-0.790420740721737,-0.417465078177874,-0.488949797792776,-1.72085124063072,-2.12189311845196,1.27986704658404,1.26721959293707,-0.303243994128967,1.51840229729291,1.10505672970157,1.38021476549923,0.715101253090734,0.791370647357216,0.490717187310917,1.75746786224671,-1.43336705995901,0.807669523723881,0.69619817501083,0.245625704262213,1.0357798523267,0.42068506527447,-0.653010095725761,-0.196055657625423,-0.337493786699142,-1.11883141951785,-0.539347343129448,-0.180360504071836,-0.974618742009946,0.672673187238912,0.553520686051365,0.862839686153678,-0.362656560980645,0.0045535585794649,-1.27189526534154,1.6197680987295,-1.07538206209765,-1.60398935947811,-1.81381010267434,0.399426176046218,-0.597397002798674,0.226987357034552,1.13038632270408,0.420290898338252,-0.531719222913926,-0.175281675994433,1.4395783038023,-1.37142720280155,-0.401796187222371,0.171765312887624,-0.423461920798032,-0.469055819156565,-0.581543165404817,1.18637580615829,0.748121405378973,-1.19608008880621,-1.32680049506213,-0.13150499464941,-0.817296724878386,-0.641238387031392,-1.07745112209868,-1.65505819549285,0.1196290849959
-4.4904410078837,-0.712080481159076,-0.00915627369063061,1.8826098842814,1.10898793303966,-1.02332078979487,-0.30373584401115,1.81361074374848,-0.400096655567585,0.495375833794202,-0.172366210765017,-0.327279510680374,-0.38498597526873,0.253656501891104,0.0602834434336754,-0.268771165385613,1.11538865390799,-1.3924636215246,0.384158159528246,0.0741517122626789,-0.380419292029469,-0.867178034561639,0.209018968806742,-1.98818293298621,0.975540950519323,-1.07861913704263,1.56242572266544,0.881823223055633,-0.563551315940935,1.06593355263425,0.356107047520343,1.64808721336691,0.271865139726537,0.899735598349402,-0.819291528617504,0.383682369929407,1.32419566005427,0.966529268050445,-1.11383702765951,2.02476131775542,-0.733539483782166,-0.680070617455341,0.656552030346492,-1.56641547218183,-0.339055612093747,-0.0638886155726186,-0.506352793822465,-1.4980645575347,0.682026080298884,0.621427175121027,1.22589429419977,1.16608280412763,-1.32744871891054,-0.39560991519292,-0.226336717338269,-0.695721527853222,2.00885387366484,0.145398349879313,0.365915042005493,-0.533735508968578,2.61067639734138,1.00331596642279,0.0668397242864898,-0.0853267573581094,-0.608771800976248,0.0291286979351212,0.791639583540003,0.206811630521384,-0.214495556337902,-0.508524752785937,-0.712238564598564,0.306251903377642,-0.61767078530263,-1.5738131937532,0.296791447934628,1.08894883327062,-0.309965651450518,0.316420990502905,0.0301548282385109,1.1386396036991,-0.173496713449457,2.40211614706084,0.591997040282302,0.323531693979297,-0.286530665310284,1.21949247071011,-0.951076727472889,0.243835768089135,0.761282078462163,2.12822345689619,0.406112377856521,0.129969944883356,-0.216430606165115,-0.868826767269498,1.97985151640695,1.73444048249134,-0.568472037862753,-0.204225360384767,-1.26808831617348,-1.55167066188532,-0.0316083853083429
-2.73725290885933,0.692944566433674,1.28598306566864,-1.8410023607899,1.16285479052447,0.276501434744975,-0.667855674003132,0.0252467686704953,0.368109439724981,1.11970071205222,0.264268669995554,-0.378956422221943,-0.210350917736466,0.523565790045154,-1.0795317336359,1.63378844505806,-0.718153303787281,0.328848244110859,1.12480643212219,0.367409150684269,0.943351150499828,-2.50438065102104,0.190797434722164,-1.46715504876512,-2.40837476175624,-2.62288373120307,-1.28911963416578,-0.982240820669003,-0.901078150131083,-2.31762125607303,-0.887854994745613,-0.749088325956421,-1.29925981807313,0.360683185546885,-0.834971474631502,0.524399901201257,0.16743192615132,2.70414305689262,-0.0453856188892998,-0.11132164184047,-2.51173781607577,-0.192976291072702,-1.10339300513334,-0.676238441529073,-0.10632856552699,1.20771852422871,0.897390049070259,-0.573274051053323,-1.1946749101529,0.939436196148434,0.965759139587348,-0.704924360217656,0.14540259583254,-0.694687009581651,-1.18218669726455,-0.268542217357463,-0.603804271260961,1.48517989418549,-1.37346714338134,1.16908500935486,0.0786526462377737,0.119437080326358,0.208205364424913,-1.14581838177565,1.84197520779569,0.605545505048314,1.50131606801425,-0.488883523240188,3.21201160830767,0.297387748169239,-1.70414393540241,-0.854921251442458,-0.900795703332746,1.2842070207677,1.0013613055249,1.03356574146914,-2.50758483979892,-0.199257547610559,2.00621034259418,-0.15315112193915,-0.173009636222729,0.410146428566617,1.40660648017138,1.38588434868351,-0.122546628623022,-0.171196576128508,-0.343606980940882,-1.1338246598725,0.275759300366417,0.0780792167616157,0.887758064445493,1.64711399481211,-0.767321302283838,-2.40069652519591,-0.642223800224233,-1.07773674043119,-1.5950458640378,1.49686954737034,-1.58940086540321,0.0628966496470425,0.010654287705638
-2.84880017217701,0.648065040715854,-1.71598102459163,-1.38084337588387,0.227899838349957,-0.0615982397806734,1.43751232409388,-0.438044155081038,0.419364646986061,-0.290779276220643,0.254221391394464,-0.045725074861579,-1.67882301148039,0.494898609914683,1.02930707061302,0.937739693824055,1.04293688353594,0.526142975943321,-0.859026617249289,0.8671024944846,-0.0150565412329965,-0.0724410708061967,2.62515498950192,2.81829094456659,1.24422082464926,-0.691204707028248,0.211424063263824,-0.350371210454652,-0.375366890368579,-0.243839008052131,0.153176492827493,-1.13616447264058,-0.572323065447387,-1.41468953951793,-0.320098758751583,0.56879058761709,-0.674459683091627,-0.108655695191177,-1.54413093555629,0.514449130998747,0.678787666933188,0.214989451122542,-0.340800115762459,-0.795926589972312,-1.35079767210693,-0.1910469736283,-1.03599751787252,-1.03340941426212,1.25314956094156,2.33504366127821,0.255091372853214,-0.0404062845628643,0.298116753133069,-2.84896335964177,-0.198489620302126,0.96654572235794,-0.221204580909515,0.803373233678978,1.20588680163224,-0.544332671428869,-2.15406397579568,0.812886301465764,-0.767391406335336,-0.76239999585661,-0.452555500186548,0.807710757117625,0.91196354906144,0.479590925979124,0.129566412383279,2.3340241051035,0.51857619040479,1.48124566018322,0.420427972687965,0.48712117880081,1.51410305548384,0.212343271839812,-0.642112996724518,-0.943340053306052,0.219796150874489,-0.948752283346237,-0.757305250798476,-0.0660048974276903,-1.20974697167727,-0.538404434898277,-2.18562437795657,-0.960981969316798,1.71777053501522,-0.0353180736994615,0.183107179372082,0.993002750776424,0.622401053867687,-0.723217164945254,-1.57007714264817,-1.36041494078585,-1.25028933267078,0.11370066095979,0.191780897128512,-0.442549557076811,1.34639082895772,-1.63682419238604,0.896102928785992
5.50787083756562,0.526623176067735,-0.120689847804702,-0.809605327409551,0.111900742460495,0.865110636741818,-1.11075482899491,-0.200377109150284,0.09529434362115,-0.675235279730102,1.03701652343984,0.0541524573084813,-0.892195421950916,0.173544320070824,-0.888301745129256,0.449569692004293,2.51580602518617,0.342088204702924,-0.12451145966705,0.261729781500588,0.665214826237085,0.571312426384684,-0.745195199133402,-1.19119140049194,-0.379396668406658,-0.241362434000404,-2.10342951334507,0.895686799301509,0.313329086193181,-1.23004295145348,0.387615126523607,-0.324240098867917,-0.899215761122918,-1.1330298969301,1.67908207524429,1.32700378394377,0.547393064145254,-1.12424638496555,-0.269771611859049,-0.223863754389612,-1.70521934564555,0.561586138849248,0.213523321497364,0.579268829244276,1.27112136973435,1.78774295988535,-0.587420213611899,-1.00736580181116,1.30145067907302,-1.19191399601377,-1.02796899966423,-0.471948301022418,-0.218267971476854,0.0955768251737136,-0.128860325087056,0.0216226421241795,0.0543352218657261,-0.265414963788972,-0.0159858579634344,-0.645669709471968,-0.911908699028109,0.848081573145144,-0.744889970532918,0.562067737462956,1.84583101030445,-0.133811014166271,0.917104268727568,0.262933570362524,0.165353603833655,-0.0776319593201649,-0.965640746867234,0.464531451781173,0.555622426961355,0.0995933973146595,0.442260824900603,0.464206190023824,0.253983740705029,-1.5462342230779,-0.594832294773092,0.577918197121311,-0.104423478616319,-0.357007777438205,0.219303751607886,-0.238064133060177,-0.680643064448457,1.91890739988341,2.23281095208854,0.673822357628029,0.298117213991102,-0.17085395311212,0.81128238829748,0.908492888331676,1.08715845660356,1.80230430620297,-1.02616644293593,0.824436272729917,0.357994021071219,-0.464301172480454,1.46206038007561,2.44886764863128,-0.356478200346399
11.9288546362125,-0.0459400660663882,1.58130421098146,-0.225143036807856,0.999004351624707,0.0126695512702339,1.13409738330588,0.987892540668794,0.652918057492792,1.04038737547026,0.201157033849741,-1.63402476212259,1.02856713780068,1.36101784542706,-0.543935970132664,2.01436409867181,-0.103540621506632,0.00282578890222373,2.00510453715558,-0.0404210948375112,-1.39059423616308,-0.533897344799751,0.833743184240861,-0.671618145018085,-0.80265656251783,0.148592181447575,0.212901380721534,-1.0301001261539,-0.979631875158819,-0.239005793239966,-0.13195173652219,-0.428838597456164,-1.30257587064812,0.142723120609011,0.742403055267442,0.21742451629395,1.21700441883543,0.194752705451606,-1.10525259222303,-1.01784351240431,-0.295964279733821,-1.01958182465523,-0.260042427985906,1.64689744707239,0.827629694418983,-2.00875576050691,1.07211872909693,1.13966574953256,-0.821957554905913,-0.731419057518482,0.174902124252281,0.436728612018709,-0.588879863097738,-1.30682846229731,0.785123493786444,-0.0603969765898692,-1.43439454408378,0.620425363690997,-0.16392529438297,1.6382364978323,-0.00917821564598265,-1.64559305556999,1.33608840198816,1.86009309607853,-0.937198089804011,-0.911484587851327,-0.266516866456297,0.779300730472725,-0.518175642561271,0.479565026339968,0.407892720244856,0.132593153792548,-1.75412980286474,0.215085116952597,-0.739608554539743,1.61161635736198,-0.590349660842603,0.486364639272918,-0.713756736858995,-1.38080488324757,0.37676306325475,0.696477783210479,-0.791607131043716,-0.728613749265727,0.347892697266179,0.774751593957483,1.30311992419313,2.33549369951765,-1.9213297057085,0.309230378385336,-0.683534179559817,-1.71804994062843,0.731015342655076,1.34906112013954,0.451062407942705,0.139312965433232,1.90613119851998,-0.772821731488835,-0.0804838897645015,-0.686966331847209,-0.225911919569651
-8.72005077292602,-0.644390336087502,-1.38890424122096,-0.115281982701997,-1.72900785265065,1.13088341811176,-0.71154698644879,-0.759883159165432,0.881085052653532,-0.424215989164959,0.869522981192196,0.456454851932246,0.301213362734512,-1.44291863600963,-1.396238703727,0.362365903874654,0.226265439479112,-0.508308103924577,-1.5135038814068,-0.289064649493125,-1.17849775011249,0.35263039600014,0.705878269768604,0.193106999343434,0.95423343551852,0.380653584781187,0.518974864388789,-0.256473649320067,-0.0398174061253679,-0.446351943536962,1.57805291206101,-0.316917064372683,-0.896533304657632,0.497949030802742,0.909553834432631,-0.23657175789372,-0.694800243613615,-1.21383934272756,-0.699023267793761,-0.0156521800431028,-0.993834021077465,0.0469048982580397,-1.59604319293236,-0.334629119668151,-0.137209132095735,1.66678606360326,1.18601446750939,0.813668768996354,0.567310754479409,0.976645808863316,2.71122290997087,1.83655748529084,0.517141526409756,0.0361226302042226,-1.56951537715339,0.0941241573832267,-0.0507093490258822,-0.0502971276283561,0.0918058152387892,0.226061877381446,-0.121420405921979,-0.501651541922384,-0.709477166489306,-0.766033930372383,-1.31494325138461,-0.339228083786636,0.177810177966397,0.569962302705494,0.631397836453479,0.903546050940307,-2.21959455598037,-0.417438877831333,-0.851660048347976,-0.716790451913855,-0.829883522245999,-0.47245571678742,0.0916371369188272,-0.519987160808208,-0.19883122387412,-0.985969306914487,0.960199901966888,1.1923578739399,0.0963149323830979,-0.112666637169082,-1.52314982427016,-0.34794735733916,-0.0822710538600167,1.63663525870625,-0.874553883096891,-1.71130739295062,0.211382737409075,-1.39982939426014,-0.174505283069266,1.6115421159395,0.154928606173622,1.04664821187458,0.653078614070265,-0.778739909631811,0.564347413176873,-0.49681117565079,0.435740505836223
-4.30134922586667,-1.49618694854714,1.6979475931371,0.15365807286454,-0.37952302622491,1.23356207541629,0.402329299797956,-1.05203622828549,1.98959255102775,0.650854230464322,1.18724314107911,-0.32780512140423,-0.213275979131433,0.645713662604148,0.0749127250653405,-0.248300476303782,0.477528346417124,-0.424037670326883,-2.38339953611188,-0.276573876085348,-0.493128349199062,1.33740139281858,0.866729827505135,-0.299981420003475,0.045385334808762,-1.9876880978787,0.72206979808514,-0.692566733071922,0.647867471395213,1.22876912142206,-0.748476545413673,-0.553293690406605,0.330311997706374,-0.68224129784465,-0.641233108655623,-0.751999189930892,0.283295744413152,1.34764229515988,-2.2291394456639,2.59125068546985,-1.2630078641097,-0.0731649138919267,-0.168807134186517,0.795906871143663,0.358558371538616,-0.447912518505424,0.568942004969236,-0.601452198305679,0.555732631925377,1.24057502623708,1.64885796735103,-0.294243912704307,0.401126221664481,-0.563317036526597,-0.0786998590507794,1.75367523329437,-0.568650136833082,1.04764200484808,-2.34611159514323,-0.56468418144092,-1.17551071108599,-0.0531994084613795,-0.22554411146906,-0.549519464310569,-0.322115855623607,0.862420384024374,0.661104629453347,0.556055942770028,1.66983401588004,0.385047381936495,-0.821793133195914,-0.90755418865041,0.813257470710083,0.238907049765205,-0.626888285300183,-0.60181410305464,1.66770440589293,-1.84252780631183,0.483427951176039,0.38252279705575,-0.345243691919573,-0.68747083805594,0.21054060783617,-0.477729862195581,-0.84722908097196,1.97923282091488,-0.754985185070818,-0.498850459343121,0.889695117201848,-1.27446203915507,0.680716741102089,0.99921238287515,0.319525677995301,0.366845060363483,1.1629039189862,0.40733466877845,1.57461698251398,-1.89034924973749,1.16898129016156,-0.805689024279728,-0.776427744430618
-0.178908457343782,1.73300238431353,1.2217097048101,-1.67861972813268,-0.277446521301558,0.323894442304882,-0.22171054654321,0.0675930705815727,1.10517643279501,-0.901738978422324,0.904494249204163,0.455753421308393,0.920594715075094,-0.716537264707977,1.00715667766529,0.955808737927756,-0.719969187403575,-0.431965858263139,-0.472455140579509,-0.576194899937426,-0.679200684943842,1.2317780939743,-0.486308934554273,2.30939097690376,0.0249486441580241,-3.13064087979191,0.862518665407715,-1.03320144792297,0.846507174889042,-1.47883833025239,-1.36727639726641,0.130256558875483,0.66049939972986,-0.881916449127804,0.374162843932628,0.0144616452769161,2.27128822091176,-0.831679993063451,-0.139237717684373,-1.1388304019497,0.28035757158086,1.30635114868331,0.487545495940893,-0.192970478382379,1.58423053563095,0.650044153782744,0.136906360130175,-1.31756692468484,0.929593915115128,1.94817630161601,-0.0419685048762151,-0.501055825626685,-0.557844666932989,1.03235225150061,-0.496026043781226,2.12122033236136,0.234408219538914,2.60492888335083,-0.61914002892715,-0.88242014035188,1.09126254134341,1.5581150485833,0.0296211345912927,0.724361446167177,-0.680484496592692,-0.0324744692545517,1.49210532923549,-0.345037773259835,-0.633414873796541,-0.55802672138614,-1.14952273497642,0.530055754249741,-0.549431035795529,-0.351843453615081,0.0665871907163097,-1.19448079106918,-1.43442880339628,-1.1205517986347,-1.20641747573617,-1.11918768833163,1.41115617099898,-0.637764223660029,0.0462262881060717,-0.190623766186728,-0.542598882742334,-1.19893909197918,-0.101426512580165,1.17942779183895,0.615057215667448,-1.60876134229394,2.24699625546645,0.931301166164868,1.42866158183863,-0.403600477758847,-1.53012967180312,0.0893191100185702,0.248479514903378,1.27855997716381,-0.976998941430519,-0.894196516516051,0.0786802711677939
-4.81548051754987,-1.82873050004263,1.510566143858,1.16087233396864,-0.0871600466806426,-2.06280804764978,-1.6579299232933,0.494911388275243,0.704703102240101,-0.301493124404975,0.238165488747704,0.322830871778818,0.612964707392657,0.580149642071201,-0.76851551325418,0.730842885092039,-2.02002638295935,0.0824631982877069,2.04257858333076,0.0898107637189909,-0.676598499519884,-0.714656847205364,-0.473735071128823,-0.676638414769694,-0.458268074927069,-1.42395646093283,1.61670105299662,-0.841802706021295,-1.0060417931431,-0.395006914802725,0.477359434947973,-0.395684680104447,0.122275778615253,1.90052463051923,-1.73761388226499,0.626419450171295,-0.669351459111797,-0.998616608392956,1.24558378286995,-0.0454917120487699,-1.16215394850071,-0.163164430445983,0.185998465842611,0.34400442343045,-1.80172221291167,-0.224974780351525,0.780430089942464,-0.286746303823648,-1.62207304693727,-0.560499414970136,0.26943923655544,-0.481181156508623,-2.45865532842493,-0.993020113945238,0.928494099915731,1.05413485737607,0.342150025607204,0.734194224289896,0.24479997332444,2.19029839199367,-0.108771187648625,-0.477638004717073,0.0718440441976241,1.02738266645611,-0.083834405934217,-0.826859450298334,-0.412604213728234,-2.11161822509429,0.121197587670471,-1.52636095306848,0.867477355623522,-1.4455372420043,-0.701532152752266,-1.01381243756002,-0.513329949858726,1.56709820675742,2.33521120146703,0.469137644019789,0.215905934744558,2.05131618298976,-1.33765016301706,-1.26521338435173,0.125847563492212,1.26386055069879,-0.420083731452998,-0.142752483561212,-0.349361134718863,-1.17505685220405,-0.453453589677403,-0.714672766008621,2.44922174959278,-0.103703205067597,-0.793882264087356,1.01982457025843,-0.045565030572277,-0.256363826033435,-0.0105154359426552,1.69658105779627,-0.0355985838826056,2.03974215972328,-0.868003410557942
-1.6640076304782,2.45938358065958,-0.590668359407701,0.92288465873128,-0.100238775731817,-0.547204621118606,1.24319066356601,-1.09492421103871,-0.82675832059762,-1.17956128444501,0.111428002476557,-0.0994047956152299,-1.12721564482449,-0.903776603768077,-0.0210114224768029,0.2507044390886,0.300469938540679,1.61204684201401,-0.610386621860131,-0.0158610993534189,-0.44777218390231,0.62677092796201,-2.23864603179367,-0.930577856301999,-0.916778313424554,0.0294927629314127,1.2509737558823,1.67871175188355,1.81637015805513,-0.739937852862786,0.363029121660701,-2.05374475533119,-0.753830290958745,0.472607074176004,-0.108311585427672,-1.32713860940164,1.59812874939263,1.1112040277031,-0.242760317183913,0.288812401701353,-2.74009387673914,-0.965314653221498,-0.607579274957981,-0.0467060471366503,0.979533988127712,1.67846930405013,-1.66049916842722,1.14625533988384,-1.53650911338426,0.721028489860265,1.00931564147733,0.719779138017326,0.69478368407836,-1.24832964545128,0.173893123528703,0.825216068537614,1.33278919082652,-0.452156873637538,-0.0911965724872015,-0.695652234152575,0.633808528431473,1.60325342204191,0.991109016841983,-0.150400308937844,0.485508937558914,0.891454082468018,-0.776132166799321,-0.37628858544978,0.165833150163812,0.623294836719039,-0.197184905956153,-0.952927592723211,0.544324967410568,0.885839218897558,1.27682268324207,0.534706048825188,-0.854177223651446,0.897069484927814,-0.617466986391095,0.59152250844432,-0.875615221785793,0.316428924044002,-0.732658139709103,1.08592426433249,-1.11087740115518,1.01677197527749,-0.739861983788099,-1.08098497007998,-0.407170512166758,1.53146738926826,0.919383944732523,-2.14938774912635,-0.796287020721549,-1.01542660415247,1.0131374528325,-0.22221158242883,0.605296069018251,0.107871087611049,0.02186871006429,0.479661770941764,0.563238092167978
6.19856671044516,-0.134217543704672,-0.66244322003098,-0.590804107607827,1.42822234126898,-0.0888456256310991,-1.18573434918445,0.608477903266253,0.451628015240939,0.702683130752398,0.565479927184282,-2.14680882765522,-0.567433805613756,1.06019677443208,1.73854687067373,1.07141120111823,0.89301464939055,-0.225012108227457,0.379780698458873,0.501348575052521,0.239578156753328,0.0588614226874188,-1.02838592380145,0.685554459712258,1.69021910261359,0.782456747305405,1.19316560171952,-0.439984555689002,0.0661741519961347,0.946161480646454,0.821177096077431,-0.80237622846143,-0.130391415919263,0.342726307960635,-0.810113560326445,-0.842110576177804,0.969818922827382,-0.445123907525868,-0.304327849261122,-0.480611944924587,-2.64330124168308,0.748137184928416,-1.91101882391778,-0.0564608224354681,-1.30248429796705,1.14125163368157,0.530849155606693,-0.60766749669419,-0.463490492562002,-0.998561684278655,1.5972884576135,-0.61821401688113,-0.562107551135248,-0.43965310289547,0.820975769470392,1.24734981159427,-1.33190148948605,-0.178444996459105,0.0268226900261552,0.44766368065711,1.10150893746998,-0.0520074074436179,1.66833496372164,0.682677085290788,0.467951780146702,-1.03959042752888,2.50994157497261,-0.165233439162707,-0.590175097114372,0.271896808640694,-0.0793481959599847,-1.31567739216859,0.0207651394555471,1.77944663235975,1.00144778288586,-0.259120598382658,1.08029028388451,0.707826627579284,1.5467551248905,1.56402990772852,-1.68131363851084,-2.27991886287243,-0.85626224021068,0.746875655245122,-0.505480331250079,0.671928352024706,0.694611283329309,0.249035582625978,-0.671146820125945,-0.76268172124191,-1.38514973895538,-1.37226656447124,-0.634072937418745,1.32101169646925,0.368303634613386,0.735875419136787,2.38747894482192,1.23704784598362,0.724992365542771,0.0665474007309207,0.348832861918668
14.0102919858155,1.54885515607343,-0.225461070197045,0.62015570752895,1.39023245740877,-0.131554437571784,-0.478418767299967,-0.529335044763256,0.677652562202677,0.437019374221613,-0.995441163475502,2.14254492285288,0.798254490553929,-0.420777227930767,-1.49704808993951,1.07176858635257,-0.194226093693094,0.116560873179923,0.335150669441126,-1.538908018273,-0.678353031269318,0.200071302051575,0.241220323711246,-0.955071482873953,-0.389757902187008,2.53220770858079,-0.527551352385277,0.264169898340434,-1.29766550914531,-0.365722422858605,-0.379477473557915,0.278946617773257,-0.574255458466176,-0.402389741771587,0.626758859118678,-1.58219991822671,-0.467540125525956,-0.802394570881783,0.83750224730244,0.902990541708923,-1.08161381993019,-0.492885325990428,-1.1706163225573,0.718008795900862,1.2197078262908,0.674930427213305,-1.64875603281437,1.37091880382108,0.185947892097797,-0.835757756577317,0.311041796305167,-1.20906779706401,-1.34147934787025,-0.663059816847848,-1.64050530932189,1.79018255422268,1.13650760236418,0.498354376950653,0.954379019461784,-0.0810489806850688,-1.51006448750228,-0.0306013479537065,-0.624287016145554,0.313411111735919,0.559586882622286,0.410692939649174,0.938219976792398,-1.51666823238767,0.805369390757473,-0.204813100965527,-0.497001843081745,0.0851071264359209,1.65731356877269,-0.763535132365192,0.329945703359769,0.469346361958293,0.120603670767455,0.196187031596586,0.957742136665909,1.61727035447382,-0.772046732930931,1.54412689974018,0.202025872955365,0.0229680549549365,1.14754690897122,-0.990890283705635,-0.104085711883546,0.263256733906147,-0.953161771747218,-1.0757462577617,-2.09704975856414,-1.60803201637521,0.352198448486423,0.862582741595305,0.393094162304614,2.98794704364767,1.8533403997021,-0.240018580158892,1.29131794819701,-0.439286856541404,0.933946810554626
-2.95513095809471,0.216181103880901,0.78405405156041,-0.995326500369422,0.149822743392101,-0.0207996452589237,0.139832634032116,-2.12253401725601,-0.605532546690312,1.04292920603886,-0.335806475218749,0.278052706818442,-0.241980220200662,-0.651167758741633,-0.486638766041813,0.479649091444272,1.1829857385612,0.949936145740625,-0.340367415819533,-0.345093137779222,-1.14059909960822,0.274922572525959,-0.180712589510187,-0.720933740529599,0.264928264265595,-0.952147543059021,2.03128019113675,1.47001873418792,0.158567061432331,0.970510498804786,-0.443382632957862,0.304989852363475,-0.474764035142089,0.277107600397585,-1.48196909442199,1.20012781604125,0.392306105778186,0.928817584131687,-0.295834305865971,0.167852771638021,-0.124159478203451,0.617873611029372,0.771117377031546,-0.564887314284267,1.58911336845165,0.406321645119711,1.73137256456601,0.0934873601111951,0.297600571831863,-0.366950968964195,-0.860864945153508,-0.115222048179738,0.580664881709061,1.57191650349606,0.0353407481918368,-0.437988702755861,-0.208669281248545,-0.0637325500783995,0.397935027137178,0.0505707591643621,0.248523783858885,-1.426287638093,2.36185788198666,1.18369314277514,0.839908671028154,1.65551534530199,-0.268751283221606,-0.215445163254673,0.65016136808314,0.99609129383717,-0.368450577708922,1.2269649036925,0.387338519663424,1.84394228642438,-0.597887828647923,-0.57941176179647,-1.06202690405071,-0.0674946407778036,-0.0898806193916631,-0.162528509659171,0.149928278070923,0.29916587420166,-0.539899149505256,1.24660844037283,1.40246207222785,-0.408928639170722,-0.331098336388909,0.517242648199109,1.50067601731949,-0.880254191264942,1.09973820448245,0.390390443971979,1.29550541799224,-0.87258820872027,0.234974383597772,0.217829021301874,1.1940526296758,-1.30062572672448,-1.46973657793013,1.32405679498215,-0.18395905064344
6.72863189181543,1.02786456125696,-1.01169602774067,0.686884504392696,-0.0905945970218418,-0.827072728589008,0.455131201039915,-0.570493907985537,-1.64792625911595,0.850530864843641,0.551443411168921,-0.629089532471937,3.27710860488863,1.35990986603976,-0.292889239782455,0.787871839439074,-0.561439918805222,-1.5682328918829,-0.393849511732898,0.577237323516524,-0.296083343980805,1.54516546033768,-0.470347856699335,0.160027204384694,-1.94476301003099,1.00902752434829,-1.56103670692232,-0.432644868911642,-0.738050602560305,-0.475344324921586,1.61729108058728,0.476050990982371,-1.36290786870541,-1.72258911517467,-0.889463366111801,0.356923850067877,-0.227067789761599,0.579969792147398,0.208354656484136,1.737008769455,-0.295376854498453,0.178376179222797,0.665054531366217,-2.38182777146573,-1.19503329163072,-0.247178859633268,-1.33711058291401,-0.349853277071989,-0.719731571666531,-0.995475662052038,-2.21391624680848,-0.511851356724057,1.41351578391708,2.25306514593769,-1.37324495952666,1.49835107154715,-1.2867721169681,0.727161929101175,0.230429211881624,1.87673978895002,0.329085787803761,0.456532369770654,-0.99990268008138,-0.188584311342309,0.00493758653246312,-0.599765525748659,-0.763698465148646,-0.908208324488771,-1.20673859961435,1.13987616479904,-0.478133787959794,2.01416782721888,-1.40724468475241,-1.62077270995315,-0.956383675912147,-0.196069382456284,-0.0846620354078894,0.535280100039211,0.12059930060855,-0.342373144816593,-0.46452200968476,-0.567357065057501,0.0490509652326738,-0.268510237473369,0.569547230311419,0.635740032248328,-1.92121209322911,-0.306387965337382,-1.40550910711097,1.74150995398132,-0.846377739769132,-0.189607301737397,-0.940543463903757,0.810018694176403,-1.27437292650453,0.374747326743395,1.47311508366793,0.825091703426161,0.468124159386108,0.187013804047372,-0.423725467868045
5.63890319393656,0.156096520909059,0.791724370029543,-0.393946601366071,1.9631568273326,0.881449782795112,-0.317924237535925,0.0988309510727401,0.705269851205964,-0.665939319105621,0.490456824889955,0.451849367063364,1.03591805449972,0.897763630850395,0.166176490817248,0.42165517997951,-0.343342237477336,1.14434235588396,0.233139173958792,1.15838465661733,-0.468073688846832,-0.733355265208387,-0.999389605921635,0.844291447314434,-0.592004998680723,-0.460680041303643,1.30298920520008,1.71921923330925,0.173277792496281,-1.15595844550146,-0.842347282786701,0.612862710644567,-1.60143676387566,-0.790643917409989,-0.235762948932623,0.0557999765642112,-1.48174103768636,-0.0399633942050267,1.33575669890597,0.290145100141495,0.0950296445179235,-0.933785712718911,-0.635086349894343,-1.64483022091683,0.41990908797156,-2.10234642604007,0.20624092821562,-2.35778541581934,0.719930479749985,0.642901993583622,-0.172000147845835,-1.6361854048837,-2.26894549561396,-0.625130126922858,-1.29217935968882,0.670562389577243,0.297802445386899,0.480036989894724,1.35497180307153,-0.179802002585413,-0.419643967437944,-0.113255451446696,0.802593669856616,0.49599152274514,-0.864315444917767,-0.938034150008716,-1.48576034858546,-2.35928862242608,0.0413805772855383,-1.45225560414053,0.669026842062883,0.623334317884725,-1.12461776272855,-1.03651197903752,0.265417540074096,-1.58129940236851,0.326006612180487,0.606187784440347,-1.13750285670096,-1.09168513232867,-0.370158146851947,-0.624039253049225,1.72322836305038,0.620670455640758,-0.570645902575037,1.01936745188829,0.494742988987833,-0.499458000286033,1.14772097126576,-1.23598555491011,0.27977336786203,0.35827192726997,-0.986175248822218,0.479394071081117,0.53872451276656,0.396347200452121,0.707224208453327,-0.858715199867555,-0.189076797910021,1.49264438162236,-0.687118930248442
-7.76482114082473,0.105156016250691,1.13368571690976,-0.799964249107648,-0.915247914204234,0.255722884925309,0.939509684284083,-0.104127657919676,0.907315124655525,0.814965603802879,-0.580875517824558,0.0276546518977237,1.13657692254585,-2.21023811514344,0.273468871691098,-2.4637446820855,-1.99959269441176,-0.318110634816226,-1.39777146824531,-0.618183738744959,-0.565122615352141,0.216274399429085,0.28587409793369,-0.364073417782348,-0.338545064348024,0.912077698212675,0.442798992213483,-0.711977566037816,0.90508720621765,1.35678961312929,-1.87064314990121,0.36852984726083,-0.554050383856708,0.0377566564033527,0.245354001455464,-0.990029458172902,-0.425789753686918,-0.102931811013425,-0.909231835011054,-1.10529129827585,0.323390621944074,0.84047039628869,-1.58982987299494,-0.184185709320114,-0.669141703097601,0.276065805834226,-0.922993006468861,-1.28585431563678,1.11059240190333,0.101637771739209,-0.0857561166606386,0.29980128564384,0.15828078237472,1.11806665465377,0.181011456639684,1.05231265157165,0.47943743346442,-0.523116461667644,-2.08636223118722,-0.147327972292474,-0.72723867328428,-0.259909730480833,0.267611501360112,-1.41822745947101,0.166878784588457,0.571871536103492,2.48509669374489,0.108261053732092,3.44375039612913,-0.539806812945479,0.0671852489454155,0.428212377910591,1.13256076432829,1.00359549515033,0.267043176025387,1.12146706822964,-0.128227471402278,0.806265945874933,0.93222570608792,-1.47169389156688,0.59968846849188,-1.41971364057348,-0.284321243836701,0.670594901797722,0.791110664311062,-0.71044719815483,-0.303255037255646,0.342028619958034,-0.402684279648807,-0.179869633537973,-0.122141454978788,1.73461882832523,0.0469746845660939,0.307599868297805,0.22157726574268,0.29217926390312,-0.0538080218136526,0.440748942704195,-0.137416954958069,-1.22728262935993,0.100719931888675
-14.7209567754674,-0.00298409759093607,0.0512834267340788,-1.21727759983114,-0.268367730199394,0.259303900079808,-1.81138111018658,-1.17358782519247,0.0616569391727793,-0.723740705890615,0.672164616550569,-0.425404004469474,-0.790674458387119,-0.885366211865552,0.432265210599129,0.928733048541877,0.235721469613605,0.0813557584971852,0.395417575837588,0.781925085026312,-0.542599947780456,2.75201636790101,-1.19712415025544,-0.930571646064705,-1.09605929184703,-1.90957174635341,0.450201078779486,-0.28485266930875,0.808652802081524,-0.690463894230742,-0.858879957410301,-0.422990739751112,-0.517270849297802,1.41643448551254,0.677638278597202,-1.21922820895813,-0.122666562753131,3.30574970284606,-0.294904272341157,-0.572081718652203,-0.40715356768314,-1.1064244453551,-1.1766058867281,-0.905140938056631,-0.0949632667196725,-0.912736804264814,0.26576454317372,1.14453169591227,-0.68880706054251,-2.00662061459431,-0.0843368085007205,-0.709454911982709,0.0254607685998796,0.270857695705857,0.543690911413497,-0.0922085905687656,-0.920234338400147,-0.448733519070445,0.357334078966041,0.764865795669808,0.285719863822565,-1.88110961583475,0.332846195680805,1.10148316852021,-1.1621993436411,1.85765161886086,1.09292083246839,-0.0345160012082635,-0.286800149162478,0.572199931392593,-0.0922406073627463,-2.1132141151853,-1.35598182781785,2.27716841987143,-1.12052623530231,-1.51001142774538,1.56104427981854,1.78322276677539,0.780384451186181,0.932528665444167,-0.234069598156876,-0.3351942007815,-1.1389772464556,0.619136383346509,-0.753745120221913,-1.69244514384165,1.5649425265534,0.130422555367076,-0.304272457100082,-0.0962973653497037,-1.10735227525668,2.00622259505635,1.35320031687335,0.1070280569609,1.56798762470954,-0.218800312777898,0.788465561833353,-0.384225375927721,-0.43176060744316,0.222697782451429,-0.86799695747248
-10.8916696278579,-0.988495842631203,0.643761250771645,0.226289860465362,-0.868585205975946,-0.29875209987669,-0.367003755567633,0.475713050472645,-1.48835825498719,-0.503811970258028,-1.70067532859807,0.446645473440182,-0.76747994806328,-0.662360336219009,-1.88695226162455,0.855118997962264,-0.215697702463166,-0.376350531204687,0.370896596126968,0.05377185931491,0.123420016388038,-0.521770526105726,0.646080461978946,-0.665434197943068,0.136867901017511,-0.882832440539322,1.69792576689181,-0.263688794757927,-0.536864931363774,-1.58834017432116,-0.222314543329936,1.51932508462263,1.45750999443903,0.121475392048429,0.483313972158514,0.617058075383152,0.652406942891456,-0.0141939564277802,-0.698037284757157,0.612102632676991,-0.140498302473233,-0.0770050576285685,-0.615116447333394,-0.493324244474495,0.666352010417314,0.836035531759853,-0.337890610283042,-0.327603210943993,-0.543272560103046,0.199980795435906,-0.225105015481857,0.30104544958364,0.546669916601489,-0.981473323372656,-1.45396549409854,0.400023104861672,0.458042141641582,0.883896387546237,1.01457616263101,-1.4530098881876,-0.645953034063139,-0.693998977299954,-1.55802401965563,-0.27003570035863,-1.03779863188457,-2.76903015609459,-0.910500599855048,-1.35384139538931,0.108187878332564,-0.454865101596926,-0.329312777896461,0.100506509710224,-0.479865792238834,0.540005092347842,-1.35172527866304,-0.86211617948673,-0.734200673164328,-0.723510866034051,-1.21374999455227,0.433607815462469,-0.707804100089314,0.163326560187913,-1.09024792395263,-0.973134676849608,0.137382410618706,-0.974838933072342,-0.966937498328739,0.866750946505391,0.398648566674543,-0.212600920319707,0.7022780264546,-1.51495143874727,0.305390358277906,-0.523114568500571,1.53397687818943,-0.648370770411154,0.804955771897568,0.192112053632028,-2.14664888161123,1.31695881877591,-0.398665949680335
-2.6550240696431,-0.47362780707131,-0.864139173494995,0.141179289715706,-0.954745914646471,0.314764926445941,-0.61961489110887,1.08979861789384,1.17650884497863,0.521526523905265,1.24420022359728,0.58039770467779,0.438782194659071,-1.70578787583988,-1.23873501157899,0.801755308244378,0.272425256325727,-0.410832086290198,-0.431614228578584,0.421119174339379,0.423073985281981,-0.388775599805714,0.186571562311768,1.39794928681542,-0.0598082995444741,0.269504633066884,-0.298511628517638,-0.154353442463163,0.796038586225857,0.181903519955372,-0.171555328860111,1.270998914123,0.318055966265403,1.20576053627152,-0.531806663730177,-1.49063217279096,2.35614681442792,1.00279540097698,-0.563411108693056,-1.19138810278572,0.541874160208478,0.28198498990725,-0.215327485947664,-1.53333144537827,-0.806169726606615,-0.365341620250828,0.690776736301304,1.38174914334961,0.641473670485371,0.488669693198438,-0.318554960243989,2.04919730084581,0.610064670414208,0.143868262716995,-0.0971319706866747,0.748518580593118,-0.967862432740357,0.527342473241527,-0.234954634625718,0.472902048561581,-1.03446889938186,-1.15307327579947,0.142628900493371,1.99014003042793,1.26125828417917,1.41087161043806,-0.5467704029923,0.174374311841504,-0.231388522426779,0.752255433708061,-0.15187365450751,1.18736358673389,1.74537141041878,-0.0156282120656092,0.983704741087971,-0.738098417615034,0.800589552086825,-0.381150682652851,-0.276674304914557,-0.189663433922146,0.769244610547061,0.0501943642620703,-2.38955825020409,-1.66267171873188,-0.281892671377417,1.85961564629043,-0.64959455815453,-0.432474195619261,-1.03692281260878,0.805301543912688,0.199609193208587,-1.17580622569306,1.78834942952807,-0.542590446483168,0.495546879460441,0.688303174055725,0.252977234490835,-0.79462478842047,-0.487879433962044,-0.534603648455107,0.817377955011062
